<?xml version="1.0" encoding="utf-8"?>
<window type="dialog">
	<allowoverlay>no</allowoverlay>
	<defaultcontrol always="false">4000</defaultcontrol>
	<coordinates>
		<system>1</system>
		<posx>0</posx>
		<posy>0</posy>
	</coordinates>
				<animation effect="fade" start="0" end="100" time="500">WindowOpen</animation>
				<animation effect="fade" start="100" end="0" time="500">WindowClose</animation>
    <controls>
        <control type="image">
            <posx>0</posx>
            <posy>0</posy>
            <width>1280</width>
            <height>720</height>
            <texture>menu.png</texture>
        </control>
		<control type="image">
			<posx>0</posx>
			<posy>0</posy>
			<width>1280</width>
			<height>720</height>
			<texture>menu.png</texture>
		</control>
		<control type="image">
			<posx>179</posx>
			<posy>112</posy>
			<width>841</width>
			<height>513</height>
			<texture border="20"></texture>
		</control>
		<control type="image">
			<posx>555</posx>
			<posy>0</posy>
			<width>42</width>
			<height>720</height>
			<texture>nav-divider.png</texture>
		</control>
		<control type="image">
			<posx>780</posx>
			<posy>552</posy>
			<width>214</width>
			<height>43</height>
			<texture></texture>
		</control>
		<!-- ----------- Logo ----------- -->
        <control type="image" id="4100">
			<posx>827</posx>
			<posy>500</posy>
			<width>180</width>
			<height>45</height>
            <aspectratio>keep</aspectratio>
            <visible>false</visible>
        </control>
		<!-- ----------- Title ----------- -->
        <control type="label" id="4101">
            <posx>1000</posx>
            <posy>500</posy>
            <width>345</width>
            <height>30</height>
            <align>center</align>
            <aligny>center</aligny>
            <font>font14</font>
            <textcolor>ffffffff</textcolor>
			<visible>false</visible>
        </control>
		<!-- ----------- Watch ----------- -->
        <control type="button" id="4000">
            <posx>330</posx>
            <posy>0</posy>
            <width>225</width>
            <height>60</height>
            <texturefocus>ontapp-program-menu-focus.png</texturefocus>
            <texturenofocus>ontapp-program-grey.png</texturenofocus>
            <onup>4004</onup>
            <ondown>4002</ondown>
			<onright>4443</onright>
            <align>left</align>
            <aligny>center</aligny>
            <font>font13</font>
            <textcolor>ffffffff</textcolor>		
        </control>
		<!-- ----------- Choose Stream ----------- -->
        <control type="button" id="4001">
            <posx>330</posx>
            <posy>60</posy>
            <width>225</width>
            <height>60</height>
            <texturefocus>ontapp-program-menu-focus.png</texturefocus>
            <texturenofocus>ontapp-program-grey.png</texturenofocus>
            <onup>4002</onup>
            <ondown>4007</ondown>
			<onright>4443</onright>
            <align>left</align>
            <aligny>center</aligny>
            <font>font13</font>
            <textcolor>ffffffff</textcolor>			
            <label>$ADDON[script.tvguidedixie 30304]</label>
        </control>
		<!-- ----------- Remind Text ----------- -->
        <control type="label" id="4102">
            <posx>820</posx>
            <posy>353</posy>
            <width>225</width>
            <height>60</height>
            <align>center</align>
            <aligny>center</aligny>
            <font>font13</font>
            <textcolor>ffffffff</textcolor>
			<scroll>true</scroll>
            <visible>false</visible>
        </control>
		<!-- ----------- Remind ----------- -->
        <control type="button" id="4002">
            <posx>330</posx>
            <posy>120</posy>
            <width>225</width>
            <height>60</height>
            <texturefocus>ontapp-program-menu-focus.png</texturefocus>
            <texturenofocus>ontapp-program-grey.png</texturenofocus>
            <onup>4000</onup>
            <ondown>4001</ondown>
			<onright>4443</onright>
            <align>left</align>
            <aligny>center</aligny>
            <font>font13</font>
            <textcolor>ffffffff</textcolor>
        </control>
				<!-- ----------- Settings ----------- -->
        <control type="button" id="4007">
            <posx>330</posx>
            <posy>180</posy>
            <width>225</width>
            <height>60</height>
            <texturefocus>ontapp-program-menu-focus.png</texturefocus>
            <texturenofocus>ontapp-program-grey.png</texturenofocus>
            <onup>4001</onup>
            <ondown>4014</ondown>
			<onright>4443</onright>
            <align>left</align>
            <aligny>center</aligny>
            <font>font13</font>
            <textcolor>ffffffff</textcolor>
            <label>$ADDON[script.tvguidedixie 30313]</label>
        </control>
		<!-- ----------- On-Tapp.TV Tools  ----------- -->
        <control type="button" id="4014">
			<posx>330</posx>
			<posy>240</posy>
			<width>225</width>
			<height>60</height>
            <texturefocus>ontapp-program-menu-focus.png</texturefocus>
            <texturenofocus>ontapp-program-grey.png</texturenofocus>
            <onup>4007</onup>
            <ondown>4011</ondown>
			<onright>4443</onright>
            <align>left</align>
            <aligny>center</aligny>
            <font>font13</font>
            <textcolor>ffffffff</textcolor>
            <label>$ADDON[script.tvguidedixie 30320]</label>
        </control>
		<!-- ----------- My Recordings ----------- -->
        <control type="button" id="4011">
            <posx>330</posx>
            <posy>300</posy>
            <width>225</width>
            <height>60</height>
            <texturefocus>ontapp-program-menu-focus.png</texturefocus>
            <texturenofocus>ontapp-program-grey.png</texturenofocus>
            <onup>4014</onup>
            <ondown>4009</ondown>
			<onright>4443</onright>
            <align>left</align>
            <aligny>center</aligny>
            <font>font13</font>
            <textcolor>ffffffff</textcolor>
            <label>$ADDON[script.tvguidedixie 30319]</label>
        </control>
		<!-- ----------- SuperSearch ----------- -->
        <control type="button" id="4009">
            <posx>330</posx>
            <posy>360</posy>
            <width>225</width>
            <height>60</height>
            <texturefocus>ontapp-program-menu-focus.png</texturefocus>
            <texturenofocus>ontapp-program-grey.png</texturenofocus>
            <onup>4011</onup>
            <ondown>4012</ondown>
			<onright>4443</onright>
            <align>left</align>
            <aligny>center</aligny>
            <font>font13</font>
            <textcolor>ffffffff</textcolor>
            <label>$ADDON[script.tvguidedixie 30315]</label>
        </control>
		<!-- ----------- Super Favourites ----------- -->
        <control type="button" id="4012">
            <posx>330</posx>
            <posy>420</posy>
            <width>225</width>
            <height>60</height>
            <texturefocus>ontapp-program-menu-focus.png</texturefocus>
            <texturenofocus>ontapp-program-grey.png</texturenofocus>
            <onup>4009</onup>
            <ondown>4013</ondown>
			<onright>4443</onright>
            <align>left</align>
            <aligny>center</aligny>
            <font>font13</font>
            <textcolor>ffffffff</textcolor>
            <label>$ADDON[script.tvguidedixie 30317]</label>
        </control>
		<!-- ----------- VPN ----------- -->
        <control type="button" id="4013">
            <posx>330</posx>
            <posy>480</posy>
            <width>225</width>
            <height>60</height>
            <texturefocus>ontapp-program-menu-focus.png</texturefocus>
            <texturenofocus>ontapp-program-grey.png</texturenofocus>
            <onup>4012</onup>
            <ondown>4005</ondown>
			<onright>4443</onright>
            <align>left</align>
            <aligny>center</aligny>
            <font>font13</font>
            <textcolor>ffffffff</textcolor>
            <label>$ADDON[script.tvguidedixie 30318]</label>
        </control>
		<!-- ----------- Categories ----------- -->
        <control type="button" id="4005">
            <posx>330</posx>
            <posy>540</posy>
            <width>225</width>
            <height>60</height>
            <texturefocus>ontapp-program-menu-focus.png</texturefocus>
            <texturenofocus>ontapp-program-grey.png</texturenofocus>
            <onup>4013</onup>
            <ondown>4003</ondown>
			<onright>4443</onright>
            <align>left</align>
            <aligny>center</aligny>
            <font>font13</font>
            <textcolor>ffffffff</textcolor>			
            <label>$ADDON[script.tvguidedixie 30309]</label>
        </control>
		<!-- ----------- Channels ----------- -->
        <control type="button" id="4003">
            <posx>330</posx>
            <posy>600</posy>
            <width>225</width>
            <height>60</height>
            <texturefocus>ontapp-program-menu-focus.png</texturefocus>
            <texturenofocus>ontapp-program-grey.png</texturenofocus>
            <onup>4005</onup>
            <ondown>4004</ondown>
			<onright>4443</onright>
            <align>left</align>
            <aligny>center</aligny>
            <font>font13</font>
            <textcolor>ffffffff</textcolor>
            <label>$ADDON[script.tvguidedixie 30307]</label>
        </control>
		<!-- ----------- Close Menu ----------- -->
        <control type="button" id="4004">
            <posx>330</posx>
            <posy>660</posy>
            <width>225</width>
            <height>60</height>
            <texturefocus>ontapp-program-menu-focus.png</texturefocus>
            <texturenofocus>ontapp-program-grey.png</texturenofocus>
            <onup>4003</onup>
            <ondown>4000</ondown>
			<onright>4443</onright>
            <align>left</align>
            <aligny>center</aligny>
            <font>font13</font>
            <textcolor>ffffffff</textcolor>			
            <label>$ADDON[script.tvguidedixie 30308]</label>
        </control>
		<!-- ----------- BBC iPlayer ----------- -->
		<control type="button" id="4443">
            <onclick>RunAddon(plugin.video.iplayerwww)</onclick>
            <posx>630</posx>
            <posy>79</posy>
            <width>270</width>
            <height>150</height>
            <texturefocus>bbciplayer_focus.png</texturefocus>
			<texturenofocus>bbciplayer.png</texturenofocus>
            <onup>4001</onup>
            <ondown>4447</ondown>
            <onleft>4001</onleft>
            <onright>7001</onright>
			<label>$ADDON[script.tvguidedixie 80005]</label>
		</control>

		<!-- ----------- ITV Player ----------- -->
        <control type="button" id="7001">
            <onclick>RunAddon(plugin.video.itv)</onclick>
            <posx>950</posx>
            <posy>79</posy>
            <width>270</width>
            <height>150</height>
            <texturefocus>itvhub_focus.png</texturefocus>
			<texturenofocus>itvhub.png</texturenofocus>
            <onup>4001</onup>
            <ondown>4441</ondown>
            <onleft>4443</onleft>
            <onright>4447</onright>
			<label>$ADDON[script.tvguidedixie 80005]</label>
		</control>
		<!-- ----------- YouTube ----------- -->
        <control type="button" id="4447">
            <onclick>RunAddon(plugin.video.youtube)</onclick>
            <posx>630</posx>
            <posy>279</posy>
            <width>270</width>
            <height>150</height>
            <texturefocus>youtube_focus.png</texturefocus>
			<texturenofocus>youtube.png</texturenofocus>
            <onup>4443</onup>
            <ondown>7102</ondown>
            <onleft>4001</onleft>
            <onright>4441</onright>
			<label>$ADDON[script.tvguidedixie 4447]</label>
		</control>
		<!-- ----------- Covenant ----------- -->
			<control type="button" id="4441">
            <onclick>RunAddon(plugin.video.covenant)</onclick>
            <posx>950</posx>
            <posy>279</posy>
            <width>270</width>
            <height>150</height>
            <texturefocus>covenant_focus.png</texturefocus>
			<texturenofocus>covenant.png</texturenofocus>
            <onup>7001</onup>
            <ondown>4001</ondown>
            <onleft>4447</onleft>
            <onright>7103</onright>
			<label>$ADDON[script.tvguidedixie 80005]</label>
		</control>
		<control type="videowindow">
                <posx>-4350</posx>
                <posy>720</posy>
                <width>1480</width>
                <height>980</height>
                <animation type="Conditional" condition="!Control.IsVisible(5000)">
                    <effect type="zoom" end="22" center="1225,122" time="400" />
                </animation>
            </control>
		<control type="label">
                <posx>220</posx>
                <posy>695</posy>
                <width>300</width>
                <height>40</height>
                <font>font13_title</font> 
                <textcolor>ffffffff</textcolor>
				<shadowcolor>ff000000</shadowcolor>
                <align>right</align>
                <aligny>centre</aligny>
                <scroll>false</scroll>
                <label>$INFO[System.Date(DDD)], $INFO[System.Time]</label>
                <animation effect="fade" start="0" end="100" time="200" condition="Window.Previous(main.xml)">WindowOpen</animation>
                <animation effect="fade" start="100" end="0" time="300">WindowClose</animation>
            </control>			

    </controls>
</window>
