<?xml version="1.0" encoding="UTF-8" standalone="yes"?>
<addon id="script.module.xbmc.ads"
       name="XBMC Ads" version="1.0.4"  provider-name="XBMC Ads Ltd.">
    <requires>
        <import addon="xbmc.python" version="2.1.0"/>
    </requires>
   <extension point="xbmc.python.module" library="lib" />
   <extension point="xbmc.addon.metadata">
        <summary>Get Vouchers/Giveaways and Ads</summary>
        <description>Get Vouchers/Giveaways and Ads</description>
        <platform>all</platform>
    </extension>
</addon>
