<favourites>
	<favourite name="Sky Sports 3 | HQS" thumb="http://xunitytalk.com/stvb/4064.png">PlayMedia(&quot;plugin://plugin.video.ultimatemania/?url=4064&amp;mode=2&amp;name=Sky+Sports+3+HQS&amp;iconimage=http%3A%2F%2Fxunitytalk.com%2Fstvb%2F4064.png&amp;play=False&amp;date=&amp;description=&amp;page=&amp;sf_options=winID%3D10001%26_options_sf&quot;)</favourite>
	<favourite name="Sky Sports 3 | HDS" thumb="http://xunitytalk.com/stvb/3461.png">PlayMedia(&quot;plugin://plugin.video.ultimatemania/?url=3461&amp;mode=2&amp;name=Sky+Sports+3+HDS+&amp;iconimage=http%3A%2F%2Fxunitytalk.com%2Fstvb%2F3461.png&amp;play=False&amp;date=&amp;description=&amp;page=&amp;sf_options=winID%3D10001%26_options_sf&quot;)</favourite>
	<favourite name="Sky Sports 3 | HD" thumb="http://xunitytalk.com/stvb/1008.png">PlayMedia(&quot;plugin://plugin.video.ultimatemania/?url=1008&amp;mode=2&amp;name=Sky+Sports+3+HD&amp;iconimage=http%3A%2F%2Fxunitytalk.com%2Fstvb%2F1008.png&amp;play=False&amp;date=&amp;description=&amp;page=&amp;sf_options=winID%3D10001%26_options_sf&quot;)</favourite>
	<favourite name="Sky Sports 3 | HD Backup" thumb="http://xunitytalk.com/stvb/936.png">PlayMedia(&quot;plugin://plugin.video.ultimatemania/?url=936&amp;mode=2&amp;name=Sky+Sports+3+HD+Backup+&amp;iconimage=http%3A%2F%2Fxunitytalk.com%2Fstvb%2F936.png&amp;play=False&amp;date=&amp;description=&amp;page=&amp;sf_options=winID%3D10001%26_options_sf&quot;)</favourite>
	<favourite name="Sky Sports 3 | SD" thumb="http://xunitytalk.com/stvb/1034.png">PlayMedia(&quot;plugin://plugin.video.ultimatemania/?url=1034&amp;mode=2&amp;name=Sky+Sports+3+SD&amp;iconimage=http%3A%2F%2Fxunitytalk.com%2Fstvb%2F1034.png&amp;play=False&amp;date=&amp;description=&amp;page=&amp;sf_options=winID%3D10001%26_options_sf&quot;)</favourite>
</favourites>