<favourites>
	<favourite name="BT Sport 3 | HD" thumb="http://xunitytalk.com/stvb/1507.png">PlayMedia(&quot;plugin://plugin.video.ultimatemania/?url=1507&amp;mode=2&amp;name=BT+Sport+Europe+HD&amp;iconimage=http%3A%2F%2Fxunitytalk.com%2Fstvb%2F1507.png&amp;play=False&amp;date=&amp;description=&amp;page=&amp;sf_options=winID%3D10001%26_options_sf&quot;)</favourite>
	<favourite name="BT Sport 3 | HD Backup" thumb="http://xunitytalk.com/stvb/1062.png">PlayMedia(&quot;plugin://plugin.video.ultimatemania/?url=1062&amp;mode=2&amp;name=BT+Sports+Europe+HD+Backup+&amp;iconimage=http%3A%2F%2Fxunitytalk.com%2Fstvb%2F1062.png&amp;play=False&amp;date=&amp;description=&amp;page=&amp;sf_options=winID%3D10001%26_options_sf&quot;)</favourite>
	<favourite name="BT Sport 3 | HQ (Not 24/7, Live Events Only)" thumb="http://xunitytalk.com/stvb/3471.png">PlayMedia(&quot;plugin://plugin.video.ultimatemania/?url=3471&amp;mode=2&amp;name=BT+Sport+Europe+HQ+%28Not+24%2F7+Yet%29&amp;iconimage=http%3A%2F%2Fxunitytalk.com%2Fstvb%2F3471.png&amp;play=False&amp;date=&amp;description=&amp;page=&amp;sf_options=winID%3D10001%26_options_sf&quot;)</favourite>
	<favourite name="BT Sport 3 | SD" thumb="http://xunitytalk.com/stvb/1013.png">PlayMedia(&quot;plugin://plugin.video.ultimatemania/?url=1013&amp;mode=2&amp;name=BT+Sport+Europe+SD&amp;iconimage=http%3A%2F%2Fxunitytalk.com%2Fstvb%2F1013.png&amp;play=False&amp;date=&amp;description=&amp;page=&amp;sf_options=winID%3D10001%26_options_sf&quot;)</favourite>
</favourites>