<?xml version="1.0" encoding="utf-8"?>
<window type="dialog">
    <allowoverlay>no</allowoverlay>
    <defaultcontrol always="true">6000</defaultcontrol>
    <coordinates>
        <system>1</system>
        <posx>0</posx>
        <posy>0</posy>
    </coordinates>
				<animation effect="fade" start="0" end="100" time="500">WindowOpen</animation>
				<animation effect="fade" start="100" end="0" time="500">WindowClose</animation>
    <controls>
        <control type="label" id="6001">
            <description>visibility marker for selection box</description>
        </control>
			<control type="image">
				<posx>0</posx>
				<posy>0</posy>
				<width>1280</width>
				<height>720</height>
				<texture>channels.png</texture>
			</control>
				<control type="image">
				<posx>0</posx>
				<posy>0</posy>
				<width>1280</width>
				<height>720</height>
				<texture>channels.png</texture>
			</control>
        <control type="group">
            <posx>350</posx>
            <posy>320</posy>
            <width>560</width>
            <height>38</height>
            <visible>!Control.IsVisible(6001)</visible>
			<animation type="Visible">
                <effect type="slide" start="260,0" end="0,0" time="500" />
            </animation>
            <animation type="Hidden">
                <effect type="slide" start="0,0" end="260,0" time="500" />
            </animation>
            <control type="image">
                <posx>186</posx>
                <posy>30</posy>
                <width>319</width>
                <height>115</height>
				<texture></texture>
            </control>
            <control type="image">
                <posx>165</posx>
                <posy>20</posy>
                <width>16</width>
                <height>40</height>
                <texture>ontapp-channel-updownarrow.png</texture>
            </control>
            <control type="button" id="6002">
                <posx>70</posx>
                <posy>20</posy>
                <width>270</width>
                <height>38</height>
                <aligny>center</aligny>
                <font>font13</font>
				<textcolor>ffffffff</textcolor>
                <label>text</label>
                <texturefocus>ontapp-program-grey-focus.png</texturefocus>
                <texturenofocus>ontapp-program-grey.png</texturenofocus>
            </control>
            <control type="label">
                <posx>70</posx>
                <posy>60</posy>
                <width>270</width>
                <height>60</height>
                <font>font13</font>
                <textcolor>ffffffff</textcolor>
                <label>Move up and down to change the position of the channel.</label>
				<wrapmultiline>true</wrapmultiline>
            </control>
        </control>

        <control type="label">
            <posx>700</posx>
            <posy>85</posy>
            <width>520</width>
            <height>40</height>
            <align>center</align>
            <aligny>center</aligny>
            <font>font13</font>
            <textcolor>ffffffff</textcolor>
            <label>$ADDON[script.tvguidedixie 30500]</label>
        </control>
        <control type="list" id="6000">
            <posx>700</posx>
            <posy>140</posy>
            <width>520</width>
            <height>420</height>
            <viewtype label="list">list</viewtype>
            <orientation>vertical</orientation>
            <focusposition>7</focusposition>
            <onright>6003</onright>
            <itemlayout width="520" height="30">
                <control type="image">
                    <posx>0</posx>
                    <posy>0</posy>
                    <width>520</width>
                    <height>28</height>
                    <texture>ontapp-program-grey.png</texture>
                </control>
                <control type="label">
                    <posx>16</posx>
                    <posy>0</posy>
                    <width>450</width>
                    <height>28</height>
                    <aligny>center</aligny>
                    <font>font13</font>
                    <textcolor>ffffffff</textcolor>
                    <info>ListItem.Label</info>
                </control>
                <control type="image">
                    <posx>470</posx>
                    <posy>1</posy>
                    <width>28</width>
                    <height>28</height>
                    <info>ListItem.Icon</info>
                </control>
            </itemlayout>
            <focusedlayout width="520" height="30">
                <control type="image">
                    <posx>0</posx>
                    <posy>0</posy>
                    <width>520</width>
                    <height>28</height>
                    <texture>ontapp-program-grey-focus.png</texture>
                    <visible>Control.HasFocus(6000)</visible>
                </control>
                <control type="image">
                    <posx>2</posx>
                    <posy>0</posy>
                    <width>12</width>
                    <height>28</height>
                    <texture>ontapp-channel-leftarrow.png</texture>
                </control>
                <control type="label">
                    <posx>16</posx>
                    <posy>0</posy>
                    <width>450</width>
                    <height>28</height>
                    <aligny>center</aligny>
                    <font>font13</font>
					<textcolor>ffffffff</textcolor>
                    <label>[B]$INFO[ListItem.Label][/B]</label>
                </control>
                <control type="image">
                    <posx>470</posx>
                    <posy>1</posy>
                    <width>28</width>
                    <height>28</height>
                    <info>ListItem.Icon</info>
                </control>
            </focusedlayout>
        </control>

        <control type="button" id="6003">
            <posx>700</posx>
            <posy>580</posy>
            <width>200</width>
            <height>30</height>
            <align>center</align>
            <aligny>center</aligny>
            <font>font13</font>
            <textcolor>ffffffff</textcolor>
            <label>$ADDON[script.tvguidedixie 30502]</label>
            <texturefocus>ontapp-program-grey-focus.png</texturefocus>
            <texturenofocus>ontapp-program-grey.png</texturenofocus>
            <onleft>6000</onleft>
            <onright>6004</onright>
            <onup>6000</onup>
        </control>
        <control type="button" id="6004">
            <posx>900</posx>
            <posy>580</posy>
            <width>200</width>
            <height>30</height>
            <align>center</align>
            <aligny>center</aligny>
            <font>font13</font>
            <textcolor>ffffffff</textcolor>
            <label>$ADDON[script.tvguidedixie 30503]</label>
            <texturefocus>ontapp-program-grey-focus.png</texturefocus>
            <texturenofocus>ontapp-program-grey.png</texturenofocus>
            <onleft>6003</onleft>
            <onright>6000</onright>
            <onup>6000</onup>
        </control>
		<control type="videowindow">
                <posx>-4350</posx>
                <posy>720</posy>
                <width>1480</width>
                <height>980</height>
                <animation type="Conditional" condition="!Control.IsVisible(5000)">
                    <effect type="zoom" end="22" center="1225,122" time="400" />
                </animation>
            </control>
			<control type="label">
                <posx>220</posx>
                <posy>640</posy>
                <width>300</width>
                <height>40</height>
                <font>font13_title</font> 
                <textcolor>ffffffff</textcolor>
				<shadowcolor>ff000000</shadowcolor>
                <align>right</align>
                <aligny>centre</aligny>
                <scroll>false</scroll>
                <label>$INFO[System.Date(DDD)], $INFO[System.Time]</label>
                <animation effect="fade" start="0" end="100" time="200" condition="Window.Previous(main.xml)">WindowOpen</animation>
                <animation effect="fade" start="100" end="0" time="300">WindowClose</animation>
            </control>	

    </controls>
</window>