<favourites>
	<favourite name="Sky Sports News HQ | HQS" thumb="http://xunitytalk.com/stvb/4067.png">PlayMedia(&quot;plugin://plugin.video.ultimatemania/?url=4067&amp;mode=2&amp;name=Sky+Sports+News+HQS&amp;iconimage=http%3A%2F%2Fxunitytalk.com%2Fstvb%2F4067.png&amp;play=False&amp;date=&amp;description=&amp;page=&amp;sf_options=winID%3D10001%26_options_sf&quot;)</favourite>
	<favourite name="Sky Sports News HQ | HDS" thumb="http://xunitytalk.com/stvb/3465.png">PlayMedia(&quot;plugin://plugin.video.ultimatemania/?url=3465&amp;mode=2&amp;name=Sky+Sports+News+HDS+&amp;iconimage=http%3A%2F%2Fxunitytalk.com%2Fstvb%2F3465.png&amp;play=False&amp;date=&amp;description=&amp;page=&amp;sf_options=winID%3D10001%26_options_sf&quot;)</favourite>
	<favourite name="Sky Sports News HQ | HD" thumb="http://xunitytalk.com/stvb/1011.png">PlayMedia(&quot;plugin://plugin.video.ultimatemania/?url=1011&amp;mode=2&amp;name=Sky+Sports+News+HD&amp;iconimage=http%3A%2F%2Fxunitytalk.com%2Fstvb%2F1011.png&amp;play=False&amp;date=&amp;description=&amp;page=&amp;sf_options=winID%3D10001%26_options_sf&quot;)</favourite>
	<favourite name="Sky Sports News HQ | SD" thumb="http://xunitytalk.com/stvb/1037.png">PlayMedia(&quot;plugin://plugin.video.ultimatemania/?url=1037&amp;mode=2&amp;name=Sky+Sports+News+SD&amp;iconimage=http%3A%2F%2Fxunitytalk.com%2Fstvb%2F1037.png&amp;play=False&amp;date=&amp;description=&amp;page=&amp;sf_options=winID%3D10001%26_options_sf&quot;)</favourite>
</favourites>