<?xml version="1.0" encoding="utf-8"?>
<window>
    <coordinates>
        <system>1</system>
        <posx>375</posx>
        <posy>255</posy>
        </coordinates>
    <controls>        
        <control type="image">
            <posx>0</posx>
            <posy>192</posy>
            <description>Title Bar</description>
            <aligny>top</aligny>
            <width>532</width>
            <height>80</height>
            <texture>vpn-connect.png</texture>
        </control>
        

        <control type="image" id="5000">
	    <description>Background image</description>
	    <posx>0</posx>
	    <posy>2</posy>
	    <width>532</width>
        <height>210</height>
	    <texture>vpn-DialogBack.png</texture>
		<bordertexture>vpn-border.png</bordertexture>
		<bordersize>2</bordersize>
	</control>
    
    <control type="list" id="3000">
        <description>List to hold 'buttons'</description>
	    <posx>20</posx>
	    <posy>30</posy>
	    <width>320</width>
	    <height>154</height>	    
        <itemwidth>320</itemwidth>
        <itemheight>38</itemheight> 
        <pagecontrol>4000</pagecontrol>  
        <scrolltime>200</scrolltime>
        <onright>4000</onright>
        <onleft>4000</onleft>  

        <itemlayout width="320" height="38">                
            <control type="image">
                <posx>0</posx>
                <posy>0</posy>
                <width>320</width>
                <height>40</height>
                <texture>vpn-button-nofocus.png</texture>
        		<bordertexture>vpn-border.png</bordertexture>
        		<bordersize>2</bordersize>
            </control>
            <control type="label">
		        <posx>0</posx>
		        <posy>0</posy>
    		    <width>320</width>
	    	    <height>40</height>
		        <font>font13</font>
                <textcolor>white</textcolor>
		        <aligny>center</aligny>		    
		        <align>center</align>
		        <info>ListItem.Label</info>
		   </control>
       </itemlayout>

       <focusedlayout width="320" height="38">
            <control type="image">
                <posx>0</posx>
                <posy>0</posy>
                <width>320</width>
                <height>40</height>
                <texture>vpn-button-nofocus.png</texture>
        		<bordertexture>vpn-border.png</bordertexture>
        		<bordersize>2</bordersize>
            </control>    
            <control type="label">
		        <posx>0</posx>
	     	    <posy>0</posy>
		        <width>320</width>
		        <height>40</height>
		        <font>font13</font>
                <textcolor>white</textcolor>
		        <aligny>center</aligny>		    
		        <align>center</align>
		        <info>ListItem.Label</info>
		    </control>
			<control type="image">
                <visible>Control.HasFocus(3000)</visible>
		        <posx>0</posx>
		        <posy>0</posy>
		        <width>320</width>
		        <height>40</height>                                        
                <texture border="5">vpn-button-focus2.png</texture>
 		    </control>
            <control type="label">
                <visible>Control.HasFocus(3000)</visible>
   		        <posx>0</posx>
		        <posy>0</posy>
		        <width>320</width>
		        <height>40</height>
		        <font>font13</font>
                <textcolor>white</textcolor>
		        <aligny>center</aligny>		    
		        <align>center</align>
		        <info>ListItem.Label</info>
		    </control>
        </focusedlayout>
	</control>  
	<control type="scrollbar" id="4000">
			<posx>336</posx>
			<posy>30</posy>
			<width>25</width>
			<height>152</height>
			<texturesliderbackground border="0,14,0,14">vpn-ScrollBarV.png</texturesliderbackground>
			<texturesliderbar border="0,14,0,14">vpn-ScrollBarV_bar.png</texturesliderbar>
			<texturesliderbarfocus border="0,14,0,14">vpn-ScrollBarV_bar_focus.png</texturesliderbarfocus>
			<textureslidernib>vpn-ScrollBarNib.png</textureslidernib>
			<textureslidernibfocus>vpn-ScrollBarNib.png</textureslidernibfocus>
			<onleft>3000</onleft>
			<onright>3000</onright>                
			<showonepage>false</showonepage>
			<orientation>vertical</orientation>
		</control>  

        <control type="button" id="3001">
            <description>Close Window button</description>
            <posx>500</posx>
            <posy>9</posy>
            <width>24</width>
            <height>24</height>
            <label>-</label>
            <font>-</font>
            <onclick>PreviousMenu</onclick>
            <texturefocus>vpn-DialogCloseButton-focus.png</texturefocus>
            <texturenofocus>vpn-DialogCloseButton.png</texturenofocus>
            <visible>system.getbool(input.enablemouse)</visible>			
            <onup>3000</onup>
            <ondown>3000</ondown>
        </control>
        <control type="label" id="3003">
            <description>Info</description>
            <visible>Control.IsVisible(3003)</visible>
            <posx>260</posx>
            <posy>220</posy>
            <width>260</width>
            <height>35</height>
            <font>font13</font>
            <align>left</align>
            <aligny>top</aligny>
            <textcolor>white</textcolor>
            <scroll>true</scroll>
        </control>
        
        <control type="image" id="3002">
            <posx>380</posx>
            <posy>65</posy>
            <width>128</width>
            <height>86</height>
        </control>
    </controls>
</window>