<window>
    <coordinates>
        <system>1</system>
        <posx>370</posx>
        <posy>255</posy>
        </coordinates>
				<animation effect="fade" start="0" end="100" time="200">WindowOpen</animation>
				<animation effect="fade" start="100" end="0" time="200">WindowClose</animation>

    <controls>
        <!--control type="image">
            <posx>-370</posx>
            <posy>-255</posy>
            <width>1280</width>
            <height>720</height>
            <texture>ontapp-fade.png</texture>
        </control-->
        <control type="image" id="5001">
	    <description>1 item background image</description>
	    <posx>89</posx>
	    <posy>45</posy>
	    <width>372</width>
            <height>86</height>
	    <texture>OTTV-DialogBack.png</texture>       
	</control>
        <control type="image" id="5002">
	    <description>2 item background image</description>
	    <posx>89</posx>
	    <posy>46</posy>
	    <width>372</width>
            <height>129</height>
	    <texture>OTTV-DialogBack2x.png</texture>
	</control>
        <control type="image" id="5003">
	    <description>3 item background image</description>
	    <posx>0</posx>
	    <posy>0</posy>
	    <width>342</width>
            <height>172</height>
	    <texture border="20">OTTV-DialogBack.png</texture>
	</control>
        <control type="image" id="5004">
	    <description>4+ item background image</description>
	    <posx>0</posx>
	    <posy>0</posy>
	    <width>342</width>
            <height>210</height>
	    <texture border="20">OTTV-DialogBack.png</texture>
	</control>
        
        <control type="list" id="3000">
            <description>List to hold 'buttons'</description>
	    <posx>117</posx>
	    <posy>65</posy>
	    <width>300</width>
	    <height>80</height>	    
            <itemwidth>300</itemwidth>
            <itemheight>38</itemheight> 
            <pagecontrol>4000</pagecontrol>  
            <scrolltime>200</scrolltime>

            <onright>4000</onright>
            <onleft>4000</onleft>  

            <itemlayout width="300" height="38">                
                <control type="image">
                    <posx>0</posx>
                    <posy>0</posy>
                    <width>300</width>
                    <height>38</height>
                    <texture border="5">-</texture>
                </control>
                <control type="label">
		    <posx>5</posx>
		    <posy>0</posy>
		    <width>285</width>
		    <height>38</height>
		    <font>font13</font>
                    <textcolor>ff808080</textcolor>
		    <aligny>center</aligny>		    
		    <align>center</align>
		    <info>ListItem.Label</info>
		</control>
            </itemlayout>

            <focusedlayout width="300" height="38">
                <control type="image">
                    <posx>0</posx>
                    <posy>0</posy>
                    <width>300</width>
                    <height>38</height>
                    <texture border="5">-</texture>
                </control>    
                <control type="label">
		    <posx>5</posx>
		    <posy>0</posy>
		    <width>285</width>
		    <height>38</height>
		    <font>font13</font>
                    <textcolor>ff808080</textcolor>
		    <aligny>center</aligny>		    
		    <align>center</align>
		    <info>ListItem.Label</info>
		</control>
            
                <control type="image">
                    <visible>Control.HasFocus(3000)</visible>
		    <posx>0</posx>
		    <posy>0</posy>
		    <width>300</width>
		    <height>38</height>                                        
                    <texture border="5">ontapp-program-grey-focus.png</texture>
		</control>
                <control type="label">
                    <visible>Control.HasFocus(3000)</visible>
		    <posx>5</posx>
		    <posy>0</posy>
		    <width>285</width>
		    <height>38</height>
		    <font>font13</font>
            <textcolor>ffffffff</textcolor>
			<shadowcolor>ff000000</shadowcolor>
		    <aligny>center</aligny>		    
		    <align>center</align>
		    <info>ListItem.Label</info>
		</control>                           
            </focusedlayout>
	</control>  
        <!--control type="scrollbar" id="4000">
                <posx>315</posx>
                <posy>30</posy>
                <width>25</width>
                <height>152</height>
                <texturesliderbackground border="0,14,0,14">ScrollBarV.png</texturesliderbackground>
                <texturesliderbar border="0,14,0,14">ScrollBarV_bar.png</texturesliderbar>
                <texturesliderbarfocus border="0,14,0,14">ScrollBarV_bar_focus.png</texturesliderbarfocus>
                <textureslidernib>ScrollBarNib.png</textureslidernib>
                <textureslidernibfocus>ScrollBarNib.png</textureslidernibfocus>
                <onleft>3000</onleft>
                <onright>3000</onright>                
                <showonepage>false</showonepage>
                <orientation>vertical</orientation>
            </control-->  
    
        <control type="button" id="3001">
            <description>Close Window button</description>
            <posx>404</posx>
            <posy>50</posy>
            <width>36</width>
            <height>18</height>
            <label>-</label>
            <font>-</font>
            <onclick>PreviousMenu</onclick>
            <texturefocus>DialogCloseButton-focus.png</texturefocus>
            <texturenofocus>DialogCloseButton.png</texturenofocus>
            <visible>system.getbool(input.enablemouse)</visible>
            <onup>3000</onup>
            <ondown>3000</ondown>
	</control>	
    </controls>
</window>