<favourites>
	<favourite name="Sky Sports 2 | HQS" thumb="http://xunitytalk.com/stvb/4063.png">PlayMedia(&quot;plugin://plugin.video.ultimatemania/?url=4063&amp;mode=2&amp;name=Sky+Sports+2+HQS&amp;iconimage=http%3A%2F%2Fxunitytalk.com%2Fstvb%2F4063.png&amp;play=False&amp;date=&amp;description=&amp;page=&amp;sf_options=winID%3D10001%26_options_sf&quot;)</favourite>
	<favourite name="Sky Sports 2 | HDS" thumb="http://xunitytalk.com/stvb/3460.png">PlayMedia(&quot;plugin://plugin.video.ultimatemania/?url=3460&amp;mode=2&amp;name=Sky+Sports+2+HDS+&amp;iconimage=http%3A%2F%2Fxunitytalk.com%2Fstvb%2F3460.png&amp;play=False&amp;date=&amp;description=&amp;page=&amp;sf_options=winID%3D10001%26_options_sf&quot;)</favourite>
	<favourite name="Sky Sports 2 | HD" thumb="http://xunitytalk.com/stvb/1007.png">PlayMedia(&quot;plugin://plugin.video.ultimatemania/?url=1007&amp;mode=2&amp;name=Sky+Sports+2+HD&amp;iconimage=http%3A%2F%2Fxunitytalk.com%2Fstvb%2F1007.png&amp;play=False&amp;date=&amp;description=&amp;page=&amp;sf_options=winID%3D10001%26_options_sf&quot;)</favourite>
	<favourite name="Sky Sports 2 | HD Backup" thumb="http://xunitytalk.com/stvb/909.png">PlayMedia(&quot;plugin://plugin.video.ultimatemania/?url=909&amp;mode=2&amp;name=Sky+Sports+2+HD+Backup&amp;iconimage=http%3A%2F%2Fxunitytalk.com%2Fstvb%2F909.png&amp;play=False&amp;date=&amp;description=&amp;page=&amp;sf_options=winID%3D10001%26_options_sf&quot;)</favourite>
	<favourite name="Sky Sports 2 | SD" thumb="http://xunitytalk.com/stvb/1033.png">PlayMedia(&quot;plugin://plugin.video.ultimatemania/?url=1033&amp;mode=2&amp;name=Sky+Sports+2+SD&amp;iconimage=http%3A%2F%2Fxunitytalk.com%2Fstvb%2F1033.png&amp;play=False&amp;date=&amp;description=&amp;page=&amp;sf_options=winID%3D10001%26_options_sf&quot;)</favourite>
</favourites>