<favourites>
	<favourite name="Sky Sports 5 | HQS" thumb="http://xunitytalk.com/stvb/4066.png">PlayMedia(&quot;plugin://plugin.video.ultimatemania/?url=4066&amp;mode=2&amp;name=Sky+Sports+5+HQS&amp;iconimage=http%3A%2F%2Fxunitytalk.com%2Fstvb%2F4066.png&amp;play=False&amp;date=&amp;description=&amp;page=&amp;sf_options=winID%3D10001%26_options_sf&quot;)</favourite>
	<favourite name="Sky Sports 5 | HDS" thumb="http://xunitytalk.com/stvb/3463.png">PlayMedia(&quot;plugin://plugin.video.ultimatemania/?url=3463&amp;mode=2&amp;name=Sky+Sports+5+HDS+&amp;iconimage=http%3A%2F%2Fxunitytalk.com%2Fstvb%2F3463.png&amp;play=False&amp;date=&amp;description=&amp;page=&amp;sf_options=winID%3D10001%26_options_sf&quot;)</favourite>
	<favourite name="Sky Sports 5 | HD" thumb="http://xunitytalk.com/stvb/1010.png">PlayMedia(&quot;plugin://plugin.video.ultimatemania/?url=1010&amp;mode=2&amp;name=Sky+Sports+5+HD&amp;iconimage=http%3A%2F%2Fxunitytalk.com%2Fstvb%2F1010.png&amp;play=False&amp;date=&amp;description=&amp;page=&amp;sf_options=winID%3D10001%26_options_sf&quot;)</favourite>
	<favourite name="Sky Sports 5 | HD Backup" thumb="http://xunitytalk.com/stvb/938.png">PlayMedia(&quot;plugin://plugin.video.ultimatemania/?url=938&amp;mode=2&amp;name=Sky+Sports+5+HD+Backup&amp;iconimage=http%3A%2F%2Fxunitytalk.com%2Fstvb%2F938.png&amp;play=False&amp;date=&amp;description=&amp;page=&amp;sf_options=winID%3D10001%26_options_sf&quot;)</favourite>
	<favourite name="Sky Sports 5 | SD" thumb="http://xunitytalk.com/stvb/1036.png">PlayMedia(&quot;plugin://plugin.video.ultimatemania/?url=1036&amp;mode=2&amp;name=Sky+Sports+5+SD&amp;iconimage=http%3A%2F%2Fxunitytalk.com%2Fstvb%2F1036.png&amp;play=False&amp;date=&amp;description=&amp;page=&amp;sf_options=winID%3D10001%26_options_sf&quot;)</favourite>
</favourites>