<?xml version="1.0" encoding="UTF-8" standalone="yes"?>
<addon id="script.tvguidedixie.tools" name="On-Tapp.TV Tools" version="4.1.0" provider-name="On-Tapp-Networks">
    <requires>
        <import addon="xbmc.python" version="2.14.0"/>
        <import addon="script.module.requests" version="2.3.0"/>		
    </requires>	
	
    <extension point="xbmc.python.script" library="default.py">
        <provides>executable</provides>
    </extension>
	
    <extension point="xbmc.addon.metadata">
        <summary lang="en">Tools for use with OnTapp.TV</summary>
        <description lang="en">Tools for use with OnTapp.TV</description>
        <language>en</language>
        <license>GNU GENERAL PUBLIC LICENSE. Version 2, June 1991</license>
        <forum></forum>
        <website></website>
        <source></source>
        <email></email>
        <platform>all</platform>
    </extension>
</addon>