<favourites>
	<favourite name="Sky Sports F1 | HQS" thumb="http://xunitytalk.com/stvb/4068.png">PlayMedia(&quot;plugin://plugin.video.ultimatemania/?url=4068&amp;mode=2&amp;name=Sky+Sports+F1+HQS&amp;iconimage=http%3A%2F%2Fxunitytalk.com%2Fstvb%2F4068.png&amp;play=False&amp;date=&amp;description=&amp;page=&amp;sf_options=winID%3D10001%26_options_sf&quot;)</favourite>
	<favourite name="Sky Sports F1 | HDS" thumb="http://xunitytalk.com/stvb/3464.png">PlayMedia(&quot;plugin://plugin.video.ultimatemania/?url=3464&amp;mode=2&amp;name=Sky+Sports+F1+HDS+&amp;iconimage=http%3A%2F%2Fxunitytalk.com%2Fstvb%2F3464.png&amp;play=False&amp;date=&amp;description=&amp;page=&amp;sf_options=winID%3D10001%26_options_sf&quot;)</favourite>
	<favourite name="Sky Sports F1 | HD" thumb="http://xunitytalk.com/stvb/1012.png">PlayMedia(&quot;plugin://plugin.video.ultimatemania/?url=1012&amp;mode=2&amp;name=Sky+Sports+F1+HD&amp;iconimage=http%3A%2F%2Fxunitytalk.com%2Fstvb%2F1012.png&amp;play=False&amp;date=&amp;description=&amp;page=&amp;sf_options=winID%3D10001%26_options_sf&quot;)</favourite>
	<favourite name="Sky Sports F1 | HD Backup" thumb="http://xunitytalk.com/stvb/1503.png">PlayMedia(&quot;plugin://plugin.video.ultimatemania/?url=1503&amp;mode=2&amp;name=Sky+Sports+F1+HD+Backup&amp;iconimage=http%3A%2F%2Fxunitytalk.com%2Fstvb%2F1503.png&amp;play=False&amp;date=&amp;description=&amp;page=&amp;sf_options=winID%3D10001%26_options_sf&quot;)</favourite>
	<favourite name="Sky Sports F1 | SD" thumb="http://xunitytalk.com/stvb/1572.png">PlayMedia(&quot;plugin://plugin.video.ultimatemania/?url=1572&amp;mode=2&amp;name=Sky+Sports+F1+SD&amp;iconimage=http%3A%2F%2Fxunitytalk.com%2Fstvb%2F1572.png&amp;play=False&amp;date=&amp;description=&amp;page=&amp;sf_options=winID%3D10001%26_options_sf&quot;)</favourite>
</favourites>