<favourites>
	<favourite name="NHL Live Game Pass" thumb="special://home/addons/plugin.video.ultimatemania/resources/nhl.png">ActivateWindow(10025,&quot;plugin://plugin.video.ultimatemania/?date&amp;description&amp;iconimage=special%3a%2f%2fhome%2faddons%2fplugin.video.ultimatemania%2fresources%2fnhl.png&amp;mode=2003&amp;name=%5bCOLOR%20orchid%5d.NHL%20Live%20Game%20Pass%5b%2fCOLOR%5d&amp;page&amp;play&amp;url=http%3a%2f%2fultimatemania.rocks%2fapisprotected%2fnhl.php&amp;sf_options=meta%3Dlabel%253D%25255BCOLOR%252Borchid%25255D.NHL%252BLive%252BGame%252BPass%25255B%25252FCOLOR%25255D%2526title%253D%25255BCOLOR%252Borchid%25255D.NHL%252BLive%252BGame%252BPass%25255B%25252FCOLOR%25255D%26_options_sf&quot;,return)</favourite>
	<favourite name="NHL Zone" thumb="special://home/addons/plugin.video.ultimatemania/resources/48.png">ActivateWindow(10025,&quot;plugin://plugin.video.ultimatemania/?date&amp;description&amp;iconimage=special%3a%2f%2fhome%2faddons%2fplugin.video.ultimatemania%2fresources%2f48.png&amp;mode=4&amp;name=NHL&amp;page&amp;play&amp;url=48&amp;sf_options=meta%3Dlabel%253DNHL%2526title%253DNHL%26_options_sf&quot;,return)</favourite>
	<favourite name="NHL Live Game Pass" thumb="special://home/addons/plugin.video.sportsnationhdtv/resources/nhl.png">ActivateWindow(10025,&quot;plugin://plugin.video.sportsnationhdtv/?date&amp;description&amp;iconimage=special%3a%2f%2fhome%2faddons%2fplugin.video.sportsnationhdtv%2fresources%2fnhl.png&amp;mode=2003&amp;name=%5bCOLOR%20orchid%5d.NHL%20Live%20Game%20Pass%5b%2fCOLOR%5d&amp;page&amp;play&amp;url=http%3a%2f%2fsportsnationhd.tv%2fapisprotected%2fnhl.php&amp;sf_options=meta%3Dlabel%253D%25255BCOLOR%252Borchid%25255D.NHL%252BLive%252BGame%252BPass%25255B%25252FCOLOR%25255D%2526title%253D%25255BCOLOR%252Borchid%25255D.NHL%252BLive%252BGame%252BPass%25255B%25252FCOLOR%25255D%26_options_sf&quot;,return)</favourite>
	<favourite name="NHL" thumb="special://home/addons/plugin.video.sportsnationhdtv/resources/48.png">ActivateWindow(10025,&quot;plugin://plugin.video.sportsnationhdtv/?date&amp;description&amp;iconimage=special%3a%2f%2fhome%2faddons%2fplugin.video.sportsnationhdtv%2fresources%2f48.png&amp;mode=4&amp;name=NHL&amp;page&amp;play&amp;url=48&amp;sf_options=meta%3Dlabel%253DNHL%2526title%253DNHL%26_options_sf&quot;,return)</favourite>
</favourites>