<?xml version="1.0" encoding="UTF-8" standalone="yes"?>
<addon id="plugin.audio.global-radio" name="Global Radio" version="1.0.0" provider-name="spoyser">
  <requires>
     <import addon="xbmc.python" version="2.14.0"/>
  </requires>
  <extension point="xbmc.python.pluginsource" library="default.py">
        <provides>audio</provides>
  </extension>
  <extension point="xbmc.addon.metadata">
    <summary lang="en">Global Radio</summary>
    <description lang="en">Global Radio</description>
    <platform>all</platform>
    <language>en</language>
    <license>GNU GENERAL PUBLIC LICENSE. Version 2, June 1991</license>
    <forum></forum>
    <website>http://www.thisisglobal.com/</website>
    <source></source>
    <email>seanpoyser at gmail dot com</email>
    <news>
1.0.0: 19th February 2017
    - initial release
    </news>
  </extension>
</addon>
