<favourites>
	<favourite name="BT Sport 2 | HD" thumb="http://xunitytalk.com/stvb/836.png">PlayMedia(&quot;plugin://plugin.video.ultimatemania/?url=836&amp;mode=2&amp;name=BT+Sport+2+HD&amp;iconimage=http%3A%2F%2Fxunitytalk.com%2Fstvb%2F836.png&amp;play=False&amp;date=&amp;description=&amp;page=&amp;sf_options=winID%3D10001%26_options_sf&quot;)</favourite>
	<favourite name="BT Sport 2 | HD Backup" thumb="http://xunitytalk.com/stvb/1576.png">PlayMedia(&quot;plugin://plugin.video.ultimatemania/?url=1576&amp;mode=2&amp;name=BT+Sport+2+HD+Backup&amp;iconimage=http%3A%2F%2Fxunitytalk.com%2Fstvb%2F1576.png&amp;play=False&amp;date=&amp;description=&amp;page=&amp;sf_options=winID%3D10001%26_options_sf&quot;)</favourite>
	<favourite name="BT Sport 2 | SD" thumb="http://xunitytalk.com/stvb/1725.png">PlayMedia(&quot;plugin://plugin.video.ultimatemania/?url=1725&amp;mode=2&amp;name=BT+Sport+2&amp;iconimage=http%3A%2F%2Fxunitytalk.com%2Fstvb%2F1725.png&amp;play=False&amp;date=&amp;description=&amp;page=&amp;sf_options=winID%3D10001%26_options_sf&quot;)</favourite>
	<favourite name="BT Sport 2 | SD Backup" thumb="http://xunitytalk.com/stvb/1031.png">PlayMedia(&quot;plugin://plugin.video.ultimatemania/?url=1031&amp;mode=2&amp;name=BT+Sport+2+SD&amp;iconimage=http%3A%2F%2Fxunitytalk.com%2Fstvb%2F1031.png&amp;play=False&amp;date=&amp;description=&amp;page=&amp;sf_options=winID%3D10001%26_options_sf&quot;)</favourite>
</favourites>