<favourites>
	<favourite name="[COLOR blanchedalmond].Tools &amp; Settings[/COLOR]" thumb="http://streamtvbox.club/apk/cat_images/tools.jpg">ActivateWindow(10502,&quot;plugin://plugin.video.streamtvbox/?date&amp;description&amp;iconimage=http%3a%2f%2fstreamtvbox.club%2fapk%2fcat_images%2ftools.jpg&amp;mode=16000&amp;name=%5bCOLOR%20blanchedalmond%5d.Tools%20%26%20Settings%5b%2fCOLOR%5d&amp;page&amp;play&amp;url=url&amp;sf_options=meta%3Dlabel%253D%25255BCOLOR%252Bblanchedalmond%25255D.Tools%252B%252526%252BSettings%25255B%25252FCOLOR%25255D%2526title%253D%25255BCOLOR%252Bblanchedalmond%25255D.Tools%252B%252526%252BSettings%25255B%25252FCOLOR%25255D%26_options_sf&quot;,return)</favourite>
	<favourite name="[COLOR lime].View Calendar[/COLOR]" thumb="http://streamtvbox.club/apk/cat_images/ukcalendar.png">ActivateWindow(10502,&quot;plugin://plugin.video.streamtvbox/?date&amp;description&amp;iconimage=http%3a%2f%2fstreamtvbox.club%2fapk%2fcat_images%2fukcalendar.png&amp;mode=2009&amp;name=%5bCOLOR%20lime%5d.View%20Calendar%5b%2fCOLOR%5d&amp;page&amp;play&amp;url=http%3a%2f%2fsportsmania.eu%2fsites%2fview.php%3fpg%3dcalendar&amp;sf_options=meta%3Dlabel%253D%25255BCOLOR%252Blime%25255D.View%252BCalendar%25255B%25252FCOLOR%25255D%2526title%253D%25255BCOLOR%252Blime%25255D.View%252BCalendar%25255B%25252FCOLOR%25255D%26_options_sf&quot;,return)</favourite>
	<favourite name="[COLOR lime].View USA Calendar[/COLOR]" thumb="http://streamtvbox.club/apk/cat_images/usacalendar.png">ActivateWindow(10502,&quot;plugin://plugin.video.streamtvbox/?date&amp;description&amp;iconimage=http%3a%2f%2fstreamtvbox.club%2fapk%2fcat_images%2fusacalendar.png&amp;mode=2009&amp;name=%5bCOLOR%20lime%5d.View%20USA%20Calendar%5b%2fCOLOR%5d&amp;page&amp;play&amp;url=http%3a%2f%2fsportsmania.eu%2fsites%2fview.php%3fpg%3dusacalendar&amp;sf_options=meta%3Dlabel%253D%25255BCOLOR%252Blime%25255D.View%252BUSA%252BCalendar%25255B%25252FCOLOR%25255D%2526title%253D%25255BCOLOR%252Blime%25255D.View%252BUSA%252BCalendar%25255B%25252FCOLOR%25255D%26_options_sf&quot;,return)</favourite>
	<favourite name="[COLOR mediumorchid]--&gt;&gt;.American Game Pass &lt;&lt;--[/COLOR]" thumb="http://streamtvbox.club/apk/cat_images/usa.png">&gt;.American Game Pass &lt;&lt;--[/COLOR]&quot; thumb=&quot;http://streamtvbox.club/apk/cat_images/usa.png&quot;&gt;&gt;.American Game Pass &lt;&lt;--[/COLOR]&quot; thumb=&quot;http://streamtvbox.club/apk/cat_images/usa.png&quot;&gt;&gt;.American Game Pass &lt;&lt;--[/COLOR]&quot; thumb=&quot;http://streamtvbox.club/apk/cat_images/usa.png&quot;&gt;&gt;.American Game Pass &lt;&lt;--[/COLOR]&quot; thumb=&quot;http://streamtvbox.club/apk/cat_images/usa.png&quot;&gt;&gt;.American Game Pass &lt;&lt;--[/COLOR]&quot; thumb=&quot;http://streamtvbox.club/apk/cat_images/usa.png&quot;&gt;&gt;.American Game Pass &lt;&lt;--[/COLOR]&quot; thumb=&quot;http://streamtvbox.club/apk/cat_images/usa.png&quot;&gt;&gt;.American Game Pass &lt;&lt;--[/COLOR]&quot; thumb=&quot;http://streamtvbox.club/apk/cat_images/usa.png&quot;&gt;&gt;.American Game Pass &lt;&lt;--[/COLOR]&quot; thumb=&quot;http://streamtvbox.club/apk/cat_images/usa.png&quot;&gt;&gt;.American Game Pass &lt;&lt;--[/COLOR]&quot; thumb=&quot;http://streamtvbox.club/apk/cat_images/usa.png&quot;&gt;&gt;.American Game Pass &lt;&lt;--[/COLOR]&quot; thumb=&quot;http://streamtvbox.club/apk/cat_images/usa.png&quot;&gt;&gt;.American Game Pass &lt;&lt;--[/COLOR]&quot; thumb=&quot;http://streamtvbox.club/apk/cat_images/usa.png&quot;&gt;&gt;.American Game Pass &lt;&lt;--[/COLOR]&quot; thumb=&quot;http://streamtvbox.club/apk/cat_images/usa.png&quot;&gt;&gt;.American Game Pass &lt;&lt;--[/COLOR]&quot; thumb=&quot;http://streamtvbox.club/apk/cat_images/usa.png&quot;&gt;&gt;.American Game Pass &lt;&lt;--[/COLOR]&quot; thumb=&quot;http://streamtvbox.club/apk/cat_images/usa.png&quot;&gt;&gt;.American Game Pass &lt;&lt;--[/COLOR]&quot; thumb=&quot;http://streamtvbox.club/apk/cat_images/usa.png&quot;&gt;ActivateWindow(10502,&quot;plugin://plugin.video.streamtvbox/?date&amp;description&amp;iconimage=http%3a%2f%2fstreamtvbox.club%2fapk%2fcat_images%2fusa.png&amp;mode=20050&amp;name=%5bCOLOR%20mediumorchid%5d--%3e%3e.American%20Game%20Pass%20%3c%3c--%5b%2fCOLOR%5d&amp;page&amp;play&amp;url=http%3a%2f%2fstreamtvbox.club%2fapisprotected%2fusa.php&amp;sf_options=meta%3Dlabel%253D%25255BCOLOR%252Bmediumorchid%25255D--%25253E%25253E.American%252BGame%252BPass%252B%25253C%25253C--%25255B%25252FCOLOR%25255D%2526title%253D%25255BCOLOR%252Bmediumorchid%25255D--%25253E%25253E.American%252BGame%252BPass%252B%25253C%25253C--%25255B%25252FCOLOR%25255D%26_options_sf&quot;,return)</favourite>
	<favourite name="[COLOR red].Full Match Replays HD[/COLOR]" thumb="http://streamtvbox.club/apk/cat_images/fullmatch.png">ActivateWindow(10502,&quot;plugin://plugin.video.streamtvbox/?date&amp;description&amp;iconimage=http%3a%2f%2fstreamtvbox.club%2fapk%2fcat_images%2ffullmatch.png&amp;mode=3&amp;name=%5bCOLOR%20red%5d.Full%20Match%20Replays%20HD%5b%2fCOLOR%5d&amp;page&amp;play&amp;url=url&amp;sf_options=meta%3Dlabel%253D%25255BCOLOR%252Bred%25255D.Full%252BMatch%252BReplays%252BHD%25255B%25252FCOLOR%25255D%2526title%253D%25255BCOLOR%252Bred%25255D.Full%252BMatch%252BReplays%252BHD%25255B%25252FCOLOR%25255D%26_options_sf&quot;,return)</favourite>
	<favourite name="[COLOR royalblue].iStream On Demand Movies/Tv Shows[/COLOR]" thumb="http://streamtvbox.club/apk/cat_images/newmovies.png">ActivateWindow(10502,&quot;plugin://plugin.video.streamtvbox/?date&amp;description&amp;iconimage=http%3a%2f%2fstreamtvbox.club%2fapk%2fcat_images%2fnewmovies.png&amp;mode=12000&amp;name=%5bCOLOR%20royalblue%5d.iStream%20On%20Demand%20Movies%2fTv%20Shows%5b%2fCOLOR%5d&amp;page&amp;play&amp;url=http%3a%2f%2fxtyrepo.me%2fxunitytalk%2fplaylist%2fOSS%2520MAIN&amp;sf_options=meta%3Dlabel%253D%25255BCOLOR%252Broyalblue%25255D.iStream%252BOn%252BDemand%252BMovies%25252FTv%252BShows%25255B%25252FCOLOR%25255D%2526title%253D%25255BCOLOR%252Broyalblue%25255D.iStream%252BOn%252BDemand%252BMovies%25252FTv%252BShows%25255B%25252FCOLOR%25255D%26_options_sf&quot;,return)</favourite>
	<favourite name="[COLOR pink].Sports On Demand[/COLOR]" thumb="http://streamtvbox.club/apk/cat_images/sportsondemand.png">ActivateWindow(10025,&quot;plugin://plugin.video.streamtvbox/?date&amp;description&amp;iconimage=http%3a%2f%2fstreamtvbox.club%2fapk%2fcat_images%2fsportsondemand.png&amp;mode=2005&amp;name=%5bCOLOR%20pink%5d.Sports%20On%20Demand%5b%2fCOLOR%5d&amp;page&amp;play&amp;url=http%3a%2f%2fstreamtvbox.club%2fapisprotected%2fchannels1.php&amp;sf_options=meta%3Dlabel%253D%25255BCOLOR%252Bpink%25255D.Sports%252BOn%252BDemand%25255B%25252FCOLOR%25255D%2526title%253D%25255BCOLOR%252Bpink%25255D.Sports%252BOn%252BDemand%25255B%25252FCOLOR%25255D%26_options_sf&quot;,return)</favourite>
	<favourite name="My Subscription Status" thumb="http://streamtvbox.club/apk/cat_images/status.png">ActivateWindow(10502,&quot;plugin://plugin.video.streamtvbox/?date&amp;description&amp;iconimage=http%3a%2f%2fstreamtvbox.club%2fapk%2fcat_images%2fstatus.png&amp;mode=2006&amp;name=My%20Subscription%20Status&amp;page&amp;play&amp;url=url&quot;,return)</favourite>
	<favourite name="Football Replays" thumb="special://home/addons/plugin.video.footballreplays/icon.png">ActivateWindow(10025,&quot;plugin://plugin.video.footballreplays/?sf_options=meta%3Dlabel%253DFootball%252BReplays%26desc%3DFootball+Replays%26_options_sf&quot;,return)</favourite>
	<favourite name="iSTREAM" thumb="special://home/addons/script.icechannel/icon.png">ActivateWindow(10025,&quot;plugin://script.icechannel/?sf_options=fanart%3Dspecial%3A%2F%2Fhome%2Faddons%2Fscript.icechannel%2Ffanart.jpg%26meta%3Dlabel%253DiSTREAM%26desc%3DiSTREAM%26_options_sf&quot;,return)</favourite>
</favourites>