<?xml version="1.0" encoding="utf-8"?>
<window type="dialog">
	<allowoverlay>no</allowoverlay>
	<defaultcontrol always="true">4002</defaultcontrol>
	<coordinates>
		<system>1</system>
		<posx>0</posx>
		<posy>0</posy>
		<width>1280</width>
		<height>720</height>
	</coordinates>
	<controls>
		<control type="group" id="5000">
   		    <posx>-2000</posx><!-- Off screen -->
			<posy>-2000</posy>
			<!-- ------------------------ EPG ELEMENTS ------------------------ -->
			<!--EPG LOGO+NUMBER-->
			<control type="group" id="6000">
				<posx>47</posx>
				<posy>600</posy>
		        <control type="image">
		    		<description>Channel Background</description>		
	                <posx>0</posx>
	                <posy>5</posy>
		            <width>192</width>
		            <height>100</height>
		            <texture>mini-guide.png</texture>
	                <colordiffuse>ff000000</colordiffuse>
		        </control> 	
				<control type="label">
	            	<description>Channel Number</description>
					<label>$INFO[Window(10000).Property(OTT_CH_NUMBER)]</label>
	                <posx>5</posx>
	                <posy>10</posy>
		            <width>50</width>
		            <height>20</height>
	                <textcolor>FFFFFFFF</textcolor>
	                <shadowcolor>ff000000</shadowcolor>
		            <font>font13</font>
		            <aligny>center</aligny> 
		            <align>left</align> 
		        </control>			
		        <control type="label">
					<description>Channel Title</description>
					<label>$INFO[Window(10000).Property(OTT_CH_TITLE)]</label>
	                <posx>5</posx>
	                <posy>55</posy>
		            <width>150</width>
		            <height>20</height>
	                <textcolor>FFFFFFFF</textcolor>
	                <shadowcolor>ff000000</shadowcolor>
		            <font>font13</font>
		            <aligny>center</aligny> 
		            <align>left</align> 
		        </control>			
		        <control type="image">
		            <description>Channel Logo</description>
					<texture>$INFO[Window(10000).Property(OTT_CH_LOGO)]</texture>				
	                <posx>5</posx>
	                <posy>40</posy>
		            <width>182</width>
		            <height>57</height>
		            <align>left</align> 
				</control>
			</control>
			<!--EPG METADATA-->
	        <control type="group" id="6001">
				<posx>0</posx>
				<posy>0</posy>	
	            <control type="image">
	                <description>MetaData Background</description>
	                <posx>80</posx>
	                <posy>100</posy>
	                <width>900</width>
	                <height>300</height>
	                <texture>ontapp-program.png</texture>
	            </control>
	            <control type="textbox">
	                <description>MetaData Info</description>
	                <label>Visible in EPG only. All metadata type stuff will go in this window</label>
	                <posx>90</posx>
	                <posy>110</posy>
	                <width>890</width>
	                <height>280</height>
	                <textcolor>FFFFFFFF</textcolor>
	                <shadowcolor>ff000000</shadowcolor>
	                <font>font12</font>
	                <scroll>true</scroll>
	                <aligny>top</aligny>
	                <align>left</align>
	            </control>
	        </control>

			<!-- ------------------------ OSD ELEMENTS ------------------------ -->
	        <!-- NOW/NEXT VIEW-->
	        <control type="group" id="7000">
	    		<posx>0</posx>
	    		<posy>0</posy>
	                <control type="image">
	                <description>main background</description>
	                <posx>0</posx>
	                <posy>540</posy>
	                <width>1280</width>
	                <height>180</height>
	                <texture>mini-guide.png</texture>
	            </control>

	            <control type="image">
	                <description>Arrows</description>
	                <posx>11</posx>
	                <posy>643</posy>
	                <width>26</width>
	                <height>16</height>
	                <texture>ontapp-osd-down.png</texture>
	            </control>
	            <control type="image">
	                <description>Arrows</description>
	                <posx>12</posx>
	                <posy>601</posy>
	                <width>26</width>
	                <height>16</height>
	                <texture>ontapp-osd-up.png</texture>
	            </control>
	            <control type="image">
	                <description>Arrows</description>
	                <posx>240</posx>
	                <posy>680</posy>
	                <width>16</width>
	                <height>30</height>
	                <texture>ontapp-osd-left.png</texture>
	            </control>
	            <control type="image">
	                <description>Arrows</description>
	                <posx>280</posx>
	                <posy>680</posy>
	                <width>16</width>
	                <height>30</height>
	                <texture>ontapp-osd-right.png</texture>
	            </control>
	        <!-- PROGRAM DESCRIPTION-->
                <control type="textbox" id="7100">
	                <description>Program Info</description>
	                <label>$INFO[Window(10000).Property(OTT_PROG_DESC)]</label>
	                <posx>310</posx>
	                <posy>575</posy>
	                <width>705</width>
	                <height>50</height>
	                <textcolor>grey</textcolor>
	                <shadowcolor>ff000000</shadowcolor>
	                <font>font12</font>
	                <autoscroll time="3600" delay="6000" repeat="6000">true</autoscroll>
	                <aligny>top</aligny>
	                <align>left</align>
	            </control>
                <control type="textbox" id="7101">
	                <description>Program Info</description>
	                <label>$INFO[Window(10000).Property(OTT_PROG_DESC)]</label>
	                <posx>310</posx>
	                <posy>655</posy>
	                <width>705</width>
	                <height>50</height>
	                <textcolor>grey</textcolor>
	                <shadowcolor>ff000000</shadowcolor>
	                <font>font12</font>
	                <autoscroll time="3600" delay="6000" repeat="6000">true</autoscroll>
	                <aligny>top</aligny>
	                <align>left</align>
	            </control>	

                    <control type="group" id="7102">
                    <control type="image">
	                <description>Glass Middle - Light</description>
	                <posx>235</posx>
	                <posy>628</posy>
	                <width>680</width>
	                <height>28</height>
	            </control>
                    </control>

                    <control type="group" id="7102">
		    <control type="image">
	                <description></description>
	                <posx>240</posx>
	                <posy>100</posy>
	                <width>630</width>
	                <height>52</height>
	                <texture></texture>
	            </control>
                    </control>

                    <control type="group" id="7103">
	            <control type="image">
	                <description></description>
	                <posx>240</posx>
	                <posy>100</posy>
	                <width>630</width>
	                <height>52</height>
	                <texture></texture>
	            </control>
                    </control>

	            <control type="image">
	                <description>Channel Logo</description>
	                <texture>$INFO[Window(10000).Property(OTT_CH_LOGO)]</texture>
	                <posx>38</posx>
	                <posy>600</posy>
	                <width>153</width>
	                <height>60</height>
	                <align>left</align>
	            </control>

	            <control type="label">
	                <description>Channel No/Title</description>
	                <label>$INFO[Window(10000).Property(OTT_CH_NUMBER)]  $INFO[Window(10000).Property(OTT_CH_TITLE)]</label>
	                <posx>20</posx>
	                <posy>538</posy>
	                <width>540</width>
	                <height>35</height>
	                <textcolor>FFFFFFFF</textcolor>
	                <shadowcolor>ff000000</shadowcolor>
	                <font>font14</font>
	                <aligny>center</aligny>
	                <align>left</align>
	            </control>
	            <control type="image">
	                <description>OK Watch Now</description>
	                <texture></texture>
	                <posx>1100</posx>
	                <posy>500</posy>
	                <width>170</width>
	                <height>42</height>
	                <align>right</align>
	            </control>
				

	            <control type="label">
	                <description>NOW Label</description>
	                <posx>240</posx>
	                <posy>538</posy>
	                <width>60</width>
	                <height>35</height>
	                <textcolor>FFFFFFFF</textcolor>
	                <shadowcolor>ff000000</shadowcolor>
	                <font>font30_title</font>
	                <aligny>center</aligny>
	                <align>left</align>
	                <label>NOW</label>
	            </control>
	            <control type="label">
	                <description>NOW Details</description>
	                <posx>310</posx>
	                <posy>538</posy>
	                <width>520</width>
	                <height>35</height>
	                <textcolor>FFFFFFFF</textcolor>
	                <shadowcolor>ff000000</shadowcolor>
	                <font>font30_title</font>
	                <aligny>center</aligny>
	                <align>left</align>
	                <label>$INFO[Window(10000).Property(OTT_NOW_TIME)]   $INFO[Window(10000).Property(OTT_NOW_TITLE)]</label>
	            </control>

	            <control type="label">
	                <description>NEXT Label</description>
	                <posx>240</posx>
	                <posy>624</posy>
	                <width>70</width>
	                <height>35</height>
	                <textcolor>FFFFFFFF</textcolor>
	                <shadowcolor>ff000000</shadowcolor>
	                <font>font30_title</font>
	                <aligny>center</aligny>
	                <align>left</align>
	                <onright>4001</onright>
	                <label>$INFO[Window(10000).Property(OTT_NEXT_TEXT)]</label>
	            </control>
	            <control type="label">
	                <description>NEXT Details</description>
	                <posx>310</posx>
	                <posy>624</posy>
	                <width>520</width>
	                <height>35</height>
	                <textcolor>FFFFFFFF</textcolor>
	                <shadowcolor>ff000000</shadowcolor>
	                <font>font30_title</font>
	                <aligny>center</aligny>
	                <align>left</align>
	                <label>$INFO[Window(10000).Property(OTT_NEXT_TIME)]   $INFO[Window(10000).Property(OTT_NEXT_TITLE)]</label>
	            </control>
	        </control>
			
			<!-- TITLE BAR -->
	        <control type="group" id="7001">
	            <posx>260</posx>
	            <posy>660</posy>
	            <control type="image">
	                <posx>0</posx>
	                <posy>0</posy>
	                <description>Title Bar</description>
	                <width>870</width>
	                <height>67</height>
	                <texture></texture>
	            </control>
				<control type="group">
	                <posx>25</posx>
	                <posy>23</posy>
		            <control type="image">
		                <description>OTTV Main Logo</description>
		                <texture>ontapp-logo.png</texture>
		                <posx>-235</posx>
		                <posy>0</posy>
		                <width>128</width>
		                <height>28</height>
		        		<aligny>top</aligny>
		                <align>left</align>
		            </control>

				</control>
	            <control type="label">
	                <description>Date</description>
	                <posx>1010</posx>
	                <posy>-121</posy>
	                <width>300</width>
	                <height>35</height>
	                <font>font13</font>
	                <aligny>top</aligny>
	                <align>right</align>
	                <textcolor>ffffffff</textcolor>
	                <shadowcolor>ff000000</shadowcolor>
	                <label>$INFO[System.Date(DDD dd MMM yyyy)]</label>
	            </control>
	            <control type="label">
	                <description>Time</description>
	                <posx>993</posx>
	                <posy>-30</posy>
	                <width>90</width>
	                <height>35</height>
	                <font>font_topbar</font>
	                <aligny>top</aligny>
	                <align>right</align>
	                <textcolor>ffffffff</textcolor>
	                <shadowcolor>ff000000</shadowcolor>
	                <label>$INFO[System.Time]</label>
	            </control>
	        </control>

            <!--osd codec info-->
            <control type="grouplist" id="6009">
            <posx>1048</posx>
            <posy>680</posy> 
            <orientation>horizontal</orientation>
            <itemgap>4</itemgap>
            <animation effect="fade" time="150">VisibleChange</animation>
            <!--<visible>![Window.IsVisible(SliderDialog) | Window.IsVisible(OSDVideoSettings) | Window.IsVisible(OSDAudioSettings) | Window.IsVisible(OSDAudioDSPSettings) | Window.IsVisible(VideoBookmarks) | Window.IsVisible(PVROSDChannels) | Window.IsVisible(PVROSDGuide)]</visible>-->
            <visible>Player.HasMedia</visible>
                <control type="image">
                    <description>Video AspectRatio Image</description>
                    <posx>10</posx>
                    <posy>16</posy>                   
                    <width>40</width>
                    <height>23</height>
                    <texture>$INFO[VideoPlayer.VideoAspect,codecflags/aspectratio/,.png]</texture>
                    <visible>!Player.ChannelPreviewActive</visible>
                </control>
                <control type="image">
                    <description>Video Resolution Image</description>
                    <width>40</width>
                    <height>23</height>        
                    <texture>$INFO[VideoPlayer.VideoResolution,codecflags/videoresolution/,.png]</texture>
                    <visible>!Player.ChannelPreviewActive</visible>
               </control>
                <control type="image">
                    <description>Video VideoCodec Image</description>
                    <width>40</width>
                    <height>23</height>
                    <texture>$INFO[VideoPlayer.VideoCodec,codecflags/videocodec/,.png]</texture>
                    <visible>!Player.ChannelPreviewActive</visible>
                </control>
                <control type="image">
                    <description>Audio Channels Image</description>
                    <width>40</width>
                    <height>23</height>
                    <texture>$INFO[VideoPlayer.AudioChannels,codecflags/audiochannel/,.png]</texture>
                    <visible>!Player.ChannelPreviewActive</visible>
                </control>
                <control type="image">
                    <description>Audio Codec Image</description>
                    <width>40</width>
                    <height>23</height> 
                    <texture>$INFO[VideoPlayer.AudioCodec,codecflags/audiocodec/,.png]</texture>
                </control>
            </control>  

            <control type="image">
                <description>Separation line left</description>
                <posx>230</posx>
                <posy>570</posy>
                <width>2</width>
                <height>145</height>
                <texture colordiffuse="white">mini-guide-breakline-right.png</texture>
                <aspectratio>scale</aspectratio>
                <visible>true</visible>
            </control>
            <control type="image">
                <description>Separation line right</description>
                <posx>1030</posx>
                <posy>570</posy>
                <width>2</width>
                <height>145</height>
                <texture colordiffuse="white">mini-guide-breakline-left.png</texture>
                <aspectratio>scale</aspectratio>
                <visible>true</visible>
            </control>
             <control type="image">
            	<posx>1053</posx>
            	<posy>600</posy> 
                <width>200</width>
                <height>7</height>
                <texture>ontapp-button-nofocus.png</texture>
                <visible>!Control.IsVisible(7026)</visible>
            </control>
            <control type="progress" id="7026">
            	<posx>1053</posx>
            	<posy>600</posy> 
                <width>200</width>
                <height>7</height>
                <lefttexture />
                <righttexture />
                <texturebg  colordiffuse="ff1A8BC5">ontapp-button-nofocus.png</texturebg>
                <midtexture colordiffuse="ff1A8BC5">ontapp-button-focus.png</midtexture>
                <visible>IntegerGreaterThan(Control.GetLabel(7026),0)</visible>
            </control>

		</control>
	</controls>
</window>
