<?xml version="1.0" encoding="utf-8"?>
<window type="dialog">
	<allowoverlay>no</allowoverlay>
	<defaultcontrol always="false">4000</defaultcontrol>
	<coordinates>
		<system>1</system>
		<posx>0</posx>
		<posy>0</posy>
	</coordinates>
				<animation effect="slideDown" start="0" time="-500">WindowOpen</animation>
				<animation effect="slideUp" start="0" end="-325" time="300">WindowClose</animation>
    <controls>
        <control type="image">
            <posx>0</posx>
            <posy>0</posy>
            <width>1280</width>
            <height>720</height>
            <texture>ontapp-fade.png</texture>
        </control>
        <control type="image">
            <posx>0</posx>
            <posy>0</posy>
            <width>1280</width>
            <height>244</height>
            <texture>menu.png</texture>
        </control>
	
		<control type="image">
			<posx>179</posx>
			<posy>112</posy>
			<width>841</width>
			<height>513</height>
			<texture border="20"></texture>
		</control>
		<!-- ----------- Logo ----------- -->
        <control type="image" id="4100">
			<posx>827</posx>
			<posy>500</posy>
			<width>180</width>
			<height>45</height>
            <aspectratio>keep</aspectratio>
            <visible>false</visible>
        </control>
		<!-- ----------- Title ----------- -->
        <control type="label" id="4101">
            <posx>1000</posx>
            <posy>500</posy>
            <width>345</width>
            <height>30</height>
            <align>center</align>
            <aligny>center</aligny>
            <font>font14</font>
            <textcolor>ffffffff</textcolor>
			<visible>false</visible>
        </control>
		<!-- ----------- Watch ----------- -->
        <control type="button" id="4000">
            <posx>0</posx>
            <posy>0</posy>
            <width>180</width>
            <height>60</height>
            <texturefocus>ontapp-program-menu-focus.png</texturefocus>
            <texturenofocus>ontapp-program-grey.png</texturenofocus>
            <onup>4004</onup>
            <ondown>4443</ondown>
			<onright>4001</onright>
            <onleft>4003</onleft>            
            <align>center</align>
            <aligny>center</aligny>
            <font>font10</font>
            <textcolor>ffffffff</textcolor>		
        </control>
		<!-- ----------- Choose Stream ----------- -->
        <control type="button" id="4001">
            <posx>185</posx>
            <posy>0</posy>
            <width>180</width>
            <height>60</height>
            <texturefocus>ontapp-program-menu-focus.png</texturefocus>
            <texturenofocus>ontapp-program-grey.png</texturenofocus>
            <onup>4000</onup>
            <ondown>4443</ondown>
			<onright>4002</onright>
            <onleft>4000</onleft>
            <align>center</align>
            <aligny>center</aligny>
            <font>font10</font>
            <textcolor>ffffffff</textcolor>			
            <label>$ADDON[script.tvguidedixie 30304]</label>
        </control>
		<!-- ----------- Remind Text ----------- -->
        <control type="label" id="4102">
            <posx>830</posx>
            <posy>353</posy>
            <width>180</width>
            <height>60</height>
            <align>center</align>
            <aligny>center</aligny>
            <font>font10</font>
            <textcolor>ffffffff</textcolor>
			<scroll>true</scroll>
            <visible>false</visible>
        </control>
		<!-- ----------- Remind ----------- -->
        <control type="button" id="4002">
            <posx>370</posx>
            <posy>0</posy>
            <width>180</width>
            <height>60</height>
            <texturefocus>ontapp-program-menu-focus.png</texturefocus>
            <texturenofocus>ontapp-program-grey.png</texturenofocus>
            <onup>4001</onup>
            <ondown>4443</ondown>
			<onright>4007</onright>
            <onleft>4001</onleft>
            <align>center</align>
            <aligny>center</aligny>
            <font>font10</font>
            <textcolor>ffffffff</textcolor>
        </control>
				<!-- ----------- Settings ----------- -->
        <control type="button" id="4007">
            <posx>555</posx>
            <posy>0</posy>
            <width>180</width>
            <height>60</height>
            <texturefocus>ontapp-program-menu-focus.png</texturefocus>
            <texturenofocus>ontapp-program-grey.png</texturenofocus>
            <onup>4002</onup>
            <ondown>4443</ondown>
			<onright>4014</onright>
            <onleft>4002</onleft>
            <align>center</align>
            <aligny>center</aligny>
            <font>font10</font>
            <textcolor>ffffffff</textcolor>
            <label>$ADDON[script.tvguidedixie 30313]</label>
        </control>
		<!-- ----------- On-Tapp.TV Tools  ----------- -->
        <control type="button" id="4014">
			<posx>740</posx>
			<posy>0</posy>
			<width>180</width>
			<height>60</height>
            <texturefocus>ontapp-program-menu-focus.png</texturefocus>
            <texturenofocus>ontapp-program-grey.png</texturenofocus>
            <onup>4007</onup>
            <ondown>4443</ondown>
			<onright>4011</onright>
            <onleft>4007</onleft>
            <align>center</align>
            <aligny>center</aligny>
            <font>font10</font>
            <textcolor>ffffffff</textcolor>
            <label>Tools</label>
        </control>
		<!-- ----------- Search ----------- -->
        <control type="button" id="4011">
            <posx>925</posx>
            <posy>0</posy>
            <width>180</width>
            <height>60</height>
            <texturefocus>ontapp-program-menu-focus.png</texturefocus>
            <texturenofocus>ontapp-program-grey.png</texturenofocus>
            <onup>4014</onup>
            <ondown>4443</ondown>
			<onright>4003</onright>
            <onleft>4014</onleft>
            <align>center</align>
            <aligny>center</aligny>
            <font>font10</font>
            <textcolor>ffffffff</textcolor>
            <label>$ADDON[script.tvguidedixie 30319]</label>
        </control>
		<!-- ----------- SuperSearch ----------- -->
        <control type="button" id="4009">
            <posx>920</posx>
            <posy>0</posy>
            <width>180</width>
            <height>60</height>
            <texturefocus>ontapp-program-menu-focus.png</texturefocus>
            <texturenofocus>ontapp-program-grey.png</texturenofocus>
            <onup>4011</onup>
            <ondown>4443</ondown>
			<onright>4012</onright>
            <align>center</align>
            <aligny>center</aligny>
            <font>font10</font>
            <textcolor>ffffffff</textcolor>
            <label>$ADDON[script.tvguidedixie 30315]</label>
        </control>
		<!-- ----------- Super Favourites ----------- -->
        <!--control type="button" id="4012">
            <posx>0</posx>
            <posy>420</posy>
            <width>185</width>
            <height>60</height>
            <texturefocus>ontapp-program-menu-focus.png</texturefocus>
            <texturenofocus>ontapp-program-grey.png</texturenofocus>
            <onup>4009</onup>
            <ondown>4013</ondown>
			<onright>4443</onright>
            <align>left</align>
            <aligny>center</aligny>
            <font>font13</font>
            <textcolor>ffffffff</textcolor>
            <label>$ADDON[script.tvguidedixie 30317]</label>
        </control-->
		<!-- ----------- VPN ----------- -->
        <!--control type="button" id="4013">
            <posx>0</posx>
            <posy>480</posy>
            <width>185</width>
            <height>60</height>
            <texturefocus>ontapp-program-menu-focus.png</texturefocus>
            <texturenofocus>ontapp-program-grey.png</texturenofocus>
            <onup>4012</onup>
            <ondown>4005</ondown>
			<onright>4443</onright>
            <align>left</align>
            <aligny>center</aligny>
            <font>font13</font>
            <textcolor>ffffffff</textcolor>
            <label>$ADDON[script.tvguidedixie 30318]</label>
        </control-->
		<!-- ----------- Categories ----------- -->
        <!--control type="button" id="4005">
            <posx>0</posx>
            <posy>540</posy>
            <width>185</width>
            <height>60</height>
            <texturefocus>ontapp-program-menu-focus.png</texturefocus>
            <texturenofocus>ontapp-program-grey.png</texturenofocus>
            <onup>4013</onup>
            <ondown>4443</ondown>
			<onright>4443</onright>
            <align>left</align>
            <aligny>center</aligny>
            <font>font13</font>
            <textcolor>ffffffff</textcolor>			
            <label>$ADDON[script.tvguidedixie 30309]</label>
        </control-->
		<!-- ----------- Channels ----------- -->
        <control type="button" id="4003">
            <posx>1110</posx>
            <posy>0</posy>
            <width>180</width>
            <height>60</height>
            <texturefocus>ontapp-program-menu-focus.png</texturefocus>
            <texturenofocus>ontapp-program-grey.png</texturenofocus>
            <onup>4005</onup>
            <ondown>4443</ondown>
			<onright>4004</onright>
            <onleft>4011</onleft>
            <align>center</align>
            <aligny>center</aligny>
            <font>font10</font>
            <textcolor>ffffffff</textcolor>
            <label>$ADDON[script.tvguidedixie 30307]</label>
        </control>

		<!-- ----------- BBC iPlayer ----------- -->
		<control type="button" id="4443">
            <onclick>RunAddon(plugin.video.bbciplayer)</onclick>
            <posx>40</posx>
            <posy>90</posy>
            <width>182</width>
            <height>125</height>
            <texturefocus>bbciplayer_focus.png</texturefocus>
			<texturenofocus>bbciplayer.png</texturenofocus>
            <onup>4001</onup>
            <onright>7001</onright>
            <onleft>7103</onleft>
			<label>$ADDON[script.tvguidedixie 80005]</label>
		</control>

		<!-- ----------- ITV Player ----------- -->
        <control type="button" id="7001">
            <onclick>RunAddon(plugin.video.itv)</onclick>
            <posx>240</posx>
            <posy>90</posy>
            <width>182</width>
            <height>125</height>
            <texturefocus>itvhub_focus.png</texturefocus>
			<texturenofocus>itvhub.png</texturenofocus>
            <onup>4001</onup>
            <onright>4447</onright>
            <onleft>4443</onleft>
			<label>$ADDON[script.tvguidedixie 80005]</label>
		</control>
		<!-- ----------- YouTube ----------- -->
        <control type="button" id="4447">
            <onclick>RunAddon(plugin.video.youtube)</onclick>
            <posx>442</posx>
            <posy>90</posy>
            <width>182</width>
            <height>125</height>
            <texturefocus>youtube_focus.png</texturefocus>
			<texturenofocus>youtube.png</texturenofocus>
            <onup>4001</onup>
            <onright>4448</onright>
            <onleft>7001</onleft>
			<label>$ADDON[script.tvguidedixie 4447]</label>
		</control>
        <!-- ----------- Covenant ----------- -->
        <control type="button" id="4448">
            <onclick>RunAddon(plugin.video.covenant)</onclick>
            <posx>646</posx>
            <posy>90</posy>
            <width>182</width>
            <height>125</height>
            <texturefocus>covenant_focus.png</texturefocus>
            <texturenofocus>covenant.png</texturenofocus>
            <onup>4001</onup>
            <onright>7102</onright>
            <onleft>4447</onleft>
            <label>$ADDON[script.tvguidedixie 4447]</label>
        </control>
        <!-- ----------- Super Favourites ----------- -->
            <control type="button" id="7102">
            <onclick>RunAddon(plugin.program.super.favourites)</onclick>
            <posx>847</posx>
            <posy>90</posy>
            <width>182</width>
            <height>125</height>
            <texturefocus>superfaves_focus.png</texturefocus>
            <texturenofocus>superfaves.png</texturenofocus>
            <onup>4001</onup>
            <onright>7103</onright>
            <onleft>4448</onleft>
            <label>$ADDON[script.tvguidedixie 80005]</label>
        </control>
        <!-- ----------- Football Replays ----------- -->
        <control type="button" id="7103">
            <onclick>RunAddon(plugin.video.footballreplays)</onclick>
            <posx>1050</posx>
            <posy>90</posy>
            <width>182</width>
            <height>125</height>
            <texturefocus>Footballreplay_focus.png</texturefocus>
            <texturenofocus>Footballreplay.png</texturenofocus>
            <onup>4001</onup>
            <onright>4443</onright>
            <onleft>7102</onleft>
            <label>$ADDON[script.tvguidedixie 80005]</label>
        </control>
		<control type="label">
                <posx>1270</posx>
                <posy>215</posy>
                <width>400</width>
                <height>40</height>
                <font>font12</font> 
                <textcolor>ffffffff</textcolor>
				<shadowcolor>ff000000</shadowcolor>
                <align>right</align>
                <aligny>centre</aligny>
                <scroll>false</scroll>
                <label>$INFO[System.Date(DDD)], $INFO[System.Date(dd)] $INFO[System.Date(MMM)] $INFO[System.Date(YYYY)], $INFO[System.Time]</label>
                <animation effect="fade" start="0" end="100" time="200" condition="Window.Previous(main.xml)">WindowOpen</animation>
                <animation effect="fade" start="100" end="0" time="300">WindowClose</animation>
            </control>	
    </controls>
</window>
