<?xml version="1.0" encoding="utf-8"?>
<window>    
    <allowoverlay>no</allowoverlay>
    <coordinates>
        <system>1</system>
        <posx>0</posx>
        <posy>0</posy>
    </coordinates>
   <defaultcontrol always="true">69</defaultcontrol>
   <onload condition="Control.IsVisible(56)">Control.SetFocus(69,2)</onload> 
    <controls>
        <!-- Wallpaper -->
        <control type="image">
            <description>Background Image</description>
            <posx>0</posx>
            <posy>0</posy>
            <width>1280</width>
            <height>720</height>
            <texture>OTTV-Background.png</texture>
            <fadetime>500</fadetime>
        </control> 

        <!-- Video Window -->
        <control type="videowindow">
            <posx>919</posx>
            <posy>76</posy>
            <width>320</width>
            <height>180</height>
            <aspectratio>stretch</aspectratio>
        </control>

        <!-- Homescreen Furniture -->
        <control type="image">
            <description>Logo</description>
            <posx>20</posx>
            <posy>10</posy>
            <width>500</width>
            <height>56</height>
            <aspectratio>keep</aspectratio>
            <texture>OTTV-Logo.png</texture>
        </control>

        <!-- Date and Time -->
        <control type="label">
            <posx>1240</posx>
            <posy>10</posy>
            <width>200</width>
            <height>40</height>
            <align>right</align>
            <aligny>centre</aligny>
            <font>font_clock</font>
            <textcolor>ffffffff</textcolor>
            <label>$INFO[System.Time]</label>
        </control>

        <!-- Categories -->
        <control type="button" id="2000">
            <posx>99</posx>
            <posy>288</posy>
            <width>270</width>
            <height>32</height>
            <onright>2001</onright>
            <onleft>2003</onleft>
            <ondown>69</ondown>
            <texturefocus>OTTV-Icon_Overlay_Focus.png</texturefocus>
            <texturenofocus>OTTV-Icon_Overlay.png</texturenofocus>
            <label>Home Page Settings</label>
            <animation type="Focus">
                <effect type="zoom" start="100" end="105" time="200" tween="sine" easing="inout" center="auto" />
            </animation>
            <font>font13</font>
            <textcolor>FFFFFFFF</textcolor>
            <align>center</align>
            <aligny>top</aligny>
            <textoffsety>-1</textoffsety>
        </control>

        <!-- Settings -->
        <control type="button" id="2001">
            <posx>369</posx>
            <posy>288</posy>
            <width>270</width>
            <height>32</height>
            <onright>2002</onright>
            <onleft>2000</onleft>
            <ondown>69</ondown>
            <texturefocus>OTTV-Icon_Overlay_Focus.png</texturefocus>
            <texturenofocus>OTTV-Icon_Overlay.png</texturenofocus>
            <label>TV Guide Settings</label>
            <animation type="Focus">
                <effect type="zoom" start="100" end="105" time="200" tween="sine" easing="inout" center="auto" />
            </animation>
            <font>font13</font>
            <textcolor>FFFFFFFF</textcolor>
            <align>center</align>
            <aligny>top</aligny>
            <textoffsety>-1</textoffsety>
        </control>

        <!-- Tools -->
        <control type="button" id="2002">
            <posx>639</posx>
            <posy>288</posy>
            <width>270</width>
            <height>32</height>
            <onright>2003</onright>
            <onleft>2001</onleft>
            <ondown>69</ondown>
            <texturefocus>OTTV-Icon_Overlay_Focus.png</texturefocus>
            <texturenofocus>OTTV-Icon_Overlay.png</texturenofocus>
            <label>Tools</label>
            <animation type="Focus">
                <effect type="zoom" start="100" end="105" time="200" tween="sine" easing="inout" center="auto" />
            </animation>
            <font>font13</font>
            <textcolor>FFFFFFFF</textcolor>
            <align>center</align>
            <aligny>top</aligny>
            <textoffsety>-1</textoffsety>
        </control>

        <!-- VPN -->
        <control type="button" id="2003">
            <posx>909</posx>
            <posy>288</posy>
            <width>270</width>
            <height>32</height>
            <onright>2000</onright>
            <onleft>2002</onleft>
            <ondown>69</ondown>
            <texturefocus>OTTV-Icon_Overlay_Focus.png</texturefocus>
            <texturenofocus>OTTV-Icon_Overlay.png</texturenofocus>
            <label>VPN</label>
            <animation type="Focus">
                <effect type="zoom" start="100" end="105" time="200" tween="sine" easing="inout" center="auto" />
            </animation>
            <font>font13</font>
            <textcolor>FFFFFFFF</textcolor>
            <align>center</align>
            <aligny>top</aligny>
            <textoffsety>-1</textoffsety>
        </control>

        <!-- Panel -->
        <control type="panel" id="69">
            <posx>100</posx>
            <posy>315</posy>
            <width>1200</width>
            <height>400</height>
            <onleft>69</onleft>
            <onright>69</onright>
            <onup condition="Container.Position(0)">2000</onup>
            <onup condition="Container.Position(1)">2001</onup>
            <onup condition="Container.Position(2)">2002</onup>
            <onup condition="Container.Position(3)">2003</onup>
            <ondown>69</ondown>
            <pagecontrol>169</pagecontrol>
            <scrolltime>200</scrolltime>
            <preloaditems>2</preloaditems>
            <itemlayout height="196" width="270">
                <control type="image">
                    <posx>0</posx>
                    <posy>8</posy>
                    <width>270</width>
                    <height>180</height>
                    <texture>OTTV-Icon_Overlay.png</texture>
                </control>
                <control type="image">
                    <posx>40</posx>
                    <posy>30</posy>
                    <width>190</width>
                    <height>100</height>
                    <aspectratio>keep</aspectratio>
                    <texture>$INFO[Listitem.Icon]</texture>
                </control>
                <control type="label">
                    <posx>11</posx>
                    <posy>140</posy>
                    <width>250</width>
                    <height>25</height>
                    <font>font13</font>
                    <textcolor>ffffffff</textcolor>
                    <align>center</align>
                    <info>ListItem.Label</info>
                </control>
            </itemlayout>
            <focusedlayout height="196" width="270">
                <control type="image">
                    <posx>0</posx>
                    <posy>8</posy>
                    <width>270</width>
                    <height>180</height>
                    <texture>OTTV-Icon_Overlay_Focus.png</texture>
                    <!-- <animation type="Focus">
                        <effect type="zoom" start="100" end="105" time="200" tween="sine" easing="inout" center="auto" />
                    </animation> -->
                </control>
                <control type="image">
                    <posx>40</posx>
                    <posy>30</posy>
                    <width>190</width>
                    <height>100</height>
                    <aspectratio>keep</aspectratio>
                    <texture>$INFO[Listitem.Icon]</texture>
                </control>
                <control type="label">
                    <posx>11</posx>
                    <posy>140</posy>
                    <width>250</width>
                    <height>25</height>
                    <font>font13</font>
                    <textcolor>ffffffff</textcolor>
                    <align>center</align>
                    <info>ListItem.Label</info>
                </control>
            </focusedlayout>
        </control>

        <!-- Scrollbar -->
        <control type="scrollbar" id="169">
            <posx>1175</posx>
            <posy>317</posy>
            <width>25</width>
            <height>380</height>
            <texturesliderbackground border="0,14,0,14">OTTV-ScrollBarV.png</texturesliderbackground>
            <texturesliderbar border="0,14,0,14">OTTV-ScrollBarV_bar.png</texturesliderbar>
            <texturesliderbarfocus border="0,14,0,14">OTTV-ScrollBarV_bar_focus.png</texturesliderbarfocus>
            <textureslidernib>OTTV-ScrollBarNib.png</textureslidernib>
            <textureslidernibfocus>OTTV-ScrollBarNib.png</textureslidernibfocus>
            <onleft>69</onleft>
            <onright>3010</onright>
            <showonepage>false</showonepage>
            <orientation>vertical</orientation>
            <visible>Control.IsVisible(69)</visible>
        </control>

        <!-- Thumbnail\Description Group -->
        <!-- <control type="group">
            <description>Thumbnail\Description Group</description>
            <posx>658</posx>
            <posy>-250</posy> -->
        <control type="textbox">
            <description>Description Text</description>
            <posx>50</posx>
            <posy>85</posy>
            <width>700</width>
            <height>190</height>
            <textcolor>ffffffff</textcolor>
            <font>font13</font>
            <wrapmultiline>true</wrapmultiline>
            <autoscroll time="1200" delay="5000" repeat="5000">true</autoscroll>
            <label>$INFO[ListItem.Property(Description)]</label>
        </control>
        <!-- </control> -->
    </controls>
</window>
