<?xml version="1.0" encoding="utf-8"?>
<window type="dialog">
    <allowoverlay>no</allowoverlay>
    <defaultcontrol always="true">1000</defaultcontrol>
    <coordinates>
        <system>1</system>
        <posx>320</posx>
        <posy>210</posy>
    </coordinates>
    <animation effect="fade" start="0" end="100" time="250">WindowOpen</animation>
    <animation effect="fade" start="100" end="0" time="250">WindowClose</animation>
    <controls>
        <control type="image">
            <posx>-320</posx>
            <posy>-210</posy>
            <width>1280</width>
            <height>720</height>
            <texture>ontapp-fade.png</texture>
        </control>
        <control type="image">
            <posx>0</posx>
            <posy>-100</posy>
            <width>640</width>
            <height>500</height>
            <texture>Wallpaper.jpg</texture>
        </control>

        <control type="label" id="4000">
            <posx>20</posx>
            <posy>-75</posy>
            <width>600</width>
            <height>100</height>
            <textcolor>ffffffff</textcolor>
            <font>font12</font>
            <align>center</align>
			<aligny>top</aligny>
            <label>[B]Multiple addons provide this channel.[CR]Choose one to watch the stream.[/B]</label>
            <wrapmultiline>true</wrapmultiline>
        </control>

        <control type="list" id="1000">
            <posx>30</posx>
            <posy>-5</posy>
            <width>520</width>
            <height>360</height>
            <viewtype label="list">list</viewtype>
            <orientation>vertical</orientation>
            <focusposition>7</focusposition>
            <itemlayout width="520" height="60">
                <control type="image">
                    <posx>30</posx>
                    <posy>-2</posy>
                    <width>515</width>
                    <height>59</height>
                    <texture>ontapp-program-grey.png</texture>
                </control>
                <control type="label">
                    <posx>120</posx>
                    <posy>10</posy>
                    <width>520</width>
                    <height>28</height>
                    <aligny>center</aligny>
                    <font>font13</font>
                    <textcolor>ffffffff</textcolor>
                    <info>ListItem.Label</info>
                </control>
                <control type="image">
                    <posx>50</posx>
                    <posy>2</posy>
                    <width>50</width>
                    <height>50</height>
                    <info>ListItem.Icon</info>
                </control>
            </itemlayout>
            <focusedlayout width="520" height="60">
                <control type="image">
                    <posx>30</posx>
                    <posy>-2</posy>
                    <width>515</width>
                    <height>59</height>
                    <texture>ontapp-program-grey-focus.png</texture>
                    <visible>Control.HasFocus(1000)</visible>
                </control>
                <control type="label">
                    <posx>120</posx>
                    <posy>10</posy>
                    <width>520</width>
                    <height>28</height>
                    <aligny>center</aligny>
                    <font>font13</font>
                    <textcolor>ffffffff</textcolor>
                    <label>[B]$INFO[ListItem.Label][/B]</label>
                </control>
                <control type="image">
                    <posx>50</posx>
                    <posy>2</posy>
                    <width>50</width>
                    <height>50</height>
                    <info>ListItem.Icon</info>
                </control>
            </focusedlayout>
        </control>
    </controls>
</window>