<favourites>
	<favourite name="Game Zone" thumb="special://home/addons/plugin.video.ultimatemania/resources/games.png">ActivateWindow(10025,&quot;plugin://plugin.video.ultimatemania/?date&amp;description&amp;iconimage=special%3a%2f%2fhome%2faddons%2fplugin.video.ultimatemania%2fresources%2fgames.png&amp;mode=4&amp;name=%5bCOLOR%20blanchedalmond%5d.GAME%20ZONE%20SECTION%20Updated%20Daily%5b%2fCOLOR%5d&amp;page&amp;play&amp;url=47&quot;,return)</favourite>
	<favourite name="Sports On Demand" thumb="special://home/addons/plugin.video.ultimatemania/resources/cup.png">ActivateWindow(10025,&quot;plugin://plugin.video.ultimatemania/?date&amp;description&amp;iconimage=special%3a%2f%2fhome%2faddons%2fplugin.video.ultimatemania%2fresources%2fcup.png&amp;mode=2003&amp;name=%5bCOLOR%20cyan%5d.Sports%20On%20Demand%5b%2fCOLOR%5d&amp;page&amp;play&amp;url=http%3a%2f%2fultimatemania.rocks%2fapisprotected%2fchannels1.php&quot;,return)</favourite>
	<favourite name="Daily Calendar" thumb="special://home/addons/plugin.video.ultimatemania/resources/calendar.png">ActivateWindow(&quot;10025&quot;,&quot;plugin://plugin.video.ultimatemania/?date&amp;description&amp;iconimage=special%3a%2f%2fhome%2faddons%2fplugin.video.ultimatemania%2fresources%2fcalendar.png&amp;mode=2005&amp;name=%5bCOLOR%20red%5d.View%20Calendar%5b%2fCOLOR%5d&amp;page&amp;play&amp;url=http%3a%2f%2fultimatemania.rocks%2fukcalendar.html&quot;,return)</favourite>
	<favourite name="US Calendar" thumb="special://home/addons/plugin.video.ultimatemania/resources/test.png">ActivateWindow(10025,&quot;plugin://plugin.video.ultimatemania/?date&amp;description&amp;iconimage=special%3a%2f%2fhome%2faddons%2fplugin.video.ultimatemania%2fresources%2ftest.png&amp;mode=2005&amp;name=%5bCOLOR%20red%5d.View%20USA%20Calendar%5b%2fCOLOR%5d&amp;page&amp;play&amp;url=http%3a%2f%2fultimatemania.rocks%2fusacalendar.html&quot;,return)</favourite>
	<favourite name="MLS Zone" thumb="special://home/addons/plugin.video.ultimatemania/resources/67.png">ActivateWindow(10025,&quot;plugin://plugin.video.ultimatemania/?date&amp;description&amp;iconimage=special%3a%2f%2fhome%2faddons%2fplugin.video.ultimatemania%2fresources%2f67.png&amp;mode=4&amp;name=MLS&amp;page&amp;play&amp;url=67&amp;sf_options=meta%3Dlabel%253DMLS%2526title%253DMLS%26_options_sf&quot;,return)</favourite>
	<favourite name="Pay Per View Events" thumb="special://home/addons/plugin.video.ultimatemania/resources/42.png">ActivateWindow(10025,&quot;plugin://plugin.video.ultimatemania/?date&amp;description&amp;iconimage=special%3a%2f%2fhome%2faddons%2fplugin.video.ultimatemania%2fresources%2f42.png&amp;mode=4&amp;name=Pay%20Per%20View%20Events&amp;page&amp;play&amp;url=42&amp;sf_options=meta%3Dlabel%253DPay%252BPer%252BView%252BEvents%2526title%253DPay%252BPer%252BView%252BEvents%26_options_sf&quot;,return)</favourite>
	<favourite name="Willows Sports Mix (Football, Rugby &amp; More)" thumb="special://home/addons/plugin.video.ultimatemania/resources/extra.png">ActivateWindow(10025,&quot;plugin://plugin.video.ultimatemania/?date&amp;description&amp;iconimage=special%3a%2f%2fhome%2faddons%2fplugin.video.ultimatemania%2fresources%2fextra.png&amp;mode=2003&amp;name=%5bCOLOR%20gold%5d.Willows%20Sports%20Mix%20(Football%2c%20Rugby%20%26%20More)%5b%2fCOLOR%5d&amp;page&amp;play&amp;url=http%3a%2f%2fultimatemania.rocks%2fapisprotected%2fextrasum.php&amp;sf_options=meta%3Dlabel%253D%25255BCOLOR%252Bgold%25255D.Willows%252BSports%252BMix%252B%252528Football%25252C%252BRugby%252B%252526%252BMore%252529%25255B%25252FCOLOR%25255D%2526title%253D%25255BCOLOR%252Bgold%25255D.Willows%252BSports%252BMix%252B%252528Football%25252C%252BRugby%252B%252526%252BMore%252529%25255B%25252FCOLOR%25255D%26_options_sf&quot;,return)</favourite>
	<favourite name="TV Shows/Movies On Demand" thumb="special://home/addons/plugin.video.ultimatemania/resources/movies.png">ActivateWindow(10025,&quot;plugin://plugin.video.ultimatemania/?date&amp;description&amp;iconimage=special%3a%2f%2fhome%2faddons%2fplugin.video.ultimatemania%2fresources%2fmovies.png&amp;mode=12000&amp;name=%5bCOLOR%20fuchsia%5d.Movies%20%2f%20TV%20Shows%20On%20Demand%20%5b%2fCOLOR%5d%5bCOLOR%20gold%5d%5b%2fCOLOR%5d&amp;page&amp;play&amp;url=http%3a%2f%2fxtyrepo.me%2fxunitytalk%2fplaylist%2fOSS%2520MAIN&amp;sf_options=meta%3Dlabel%253D%25255BCOLOR%252Bfuchsia%25255D.Movies%252B%25252F%252BTV%252BShows%252BOn%252BDemand%252B%25255B%25252FCOLOR%25255D%25255BCOLOR%252Bgold%25255D%25255B%25252FCOLOR%25255D%2526title%253D%25255BCOLOR%252Bfuchsia%25255D.Movies%252B%25252F%252BTV%252BShows%252BOn%252BDemand%252B%25255B%25252FCOLOR%25255D%25255BCOLOR%252Bgold%25255D%25255B%25252FCOLOR%25255D%26_options_sf&quot;,return)</favourite>
	<favourite name="Aussie Mania" thumb="special://home/addons/plugin.video.ultimatemania/resources/aus.png">ActivateWindow(10025,&quot;plugin://plugin.video.ultimatemania/?date&amp;description&amp;iconimage=special%3a%2f%2fhome%2faddons%2fplugin.video.ultimatemania%2fresources%2faus.png&amp;mode=4&amp;name=%5bCOLOR%20yellow%5dAussie%20Mania%5b%2fCOLOR%5d&amp;page&amp;play&amp;url=76&amp;sf_options=meta%3Dlabel%253D%25255BCOLOR%252Byellow%25255DAussie%252BMania%25255B%25252FCOLOR%25255D%2526title%253D%25255BCOLOR%252Byellow%25255DAussie%252BMania%25255B%25252FCOLOR%25255D%26_options_sf&quot;,return)</favourite>
	<favourite name="NCAAF Zone" thumb="special://home/addons/plugin.video.ultimatemania/resources/77.png">ActivateWindow(10025,&quot;plugin://plugin.video.ultimatemania/?date&amp;description&amp;iconimage=special%3a%2f%2fhome%2faddons%2fplugin.video.ultimatemania%2fresources%2f77.png&amp;mode=4&amp;name=NCAAF&amp;page&amp;play&amp;url=77&amp;sf_options=meta%3Dlabel%253DNCAAF%2526title%253DNCAAF%26_options_sf&quot;,return)</favourite>
	<favourite name="E-Sports and Gaming Zone" thumb="special://home/addons/plugin.video.ultimatemania/resources/72.png">ActivateWindow(10025,&quot;plugin://plugin.video.ultimatemania/?date&amp;description&amp;iconimage=special%3a%2f%2fhome%2faddons%2fplugin.video.ultimatemania%2fresources%2f72.png&amp;mode=4&amp;name=E-Sports%20and%20Gaming&amp;page&amp;play&amp;url=72&amp;sf_options=meta%3Dlabel%253DE-Sports%252Band%252BGaming%2526title%253DE-Sports%252Band%252BGaming%26_options_sf&quot;,return)</favourite>
	<favourite name="Kids Mania" thumb="special://home/addons/plugin.video.ultimatemania/resources/80.png">ActivateWindow(10025,&quot;plugin://plugin.video.ultimatemania/?date&amp;description&amp;iconimage=special%3a%2f%2fhome%2faddons%2fplugin.video.ultimatemania%2fresources%2f80.png&amp;mode=4&amp;name=Kids%20Mania&amp;page&amp;play&amp;url=80&amp;sf_options=meta%3Dlabel%253DKids%252BMania%2526title%253DKids%252BMania%26_options_sf&quot;,return)</favourite>
	<favourite name="Daily Calendar" thumb="special://home/addons/plugin.video.sportsnationhdtv/resources/calendar.png">ActivateWindow(10025,&quot;plugin://plugin.video.sportsnationhdtv/?date&amp;description&amp;iconimage=special%3a%2f%2fhome%2faddons%2fplugin.video.sportsnationhdtv%2fresources%2fcalendar.png&amp;mode=2005&amp;name=%5bCOLOR%20beige%5d.View%20Calendar%5b%2fCOLOR%5d&amp;page&amp;play&amp;url=http%3a%2f%2fsportsnationhd.tv%2fukcalendar.html&amp;sf_options=meta%3Dlabel%253D%25255BCOLOR%252Bbeige%25255D.View%252BCalendar%25255B%25252FCOLOR%25255D%2526title%253D%25255BCOLOR%252Bbeige%25255D.View%252BCalendar%25255B%25252FCOLOR%25255D%26_options_sf&quot;,return)</favourite>
	<favourite name="U.S Calendar" thumb="special://home/addons/plugin.video.sportsnationhdtv/resources/test.png">ActivateWindow(10025,&quot;plugin://plugin.video.sportsnationhdtv/?date&amp;description&amp;iconimage=special%3a%2f%2fhome%2faddons%2fplugin.video.sportsnationhdtv%2fresources%2ftest.png&amp;mode=2005&amp;name=%5bCOLOR%20beige%5d.View%20USA%20Calendar%5b%2fCOLOR%5d&amp;page&amp;play&amp;url=http%3a%2f%2fsportsnationhd.tv%2fusacalendar.html&amp;sf_options=meta%3Dlabel%253D%25255BCOLOR%252Bbeige%25255D.View%252BUSA%252BCalendar%25255B%25252FCOLOR%25255D%2526title%253D%25255BCOLOR%252Bbeige%25255D.View%252BUSA%252BCalendar%25255B%25252FCOLOR%25255D%26_options_sf&quot;,return)</favourite>
	<favourite name="Sports On Demand" thumb="special://home/addons/plugin.video.sportsnationhdtv/resources/cup.png">ActivateWindow(10025,&quot;plugin://plugin.video.sportsnationhdtv/?date&amp;description&amp;iconimage=special%3a%2f%2fhome%2faddons%2fplugin.video.sportsnationhdtv%2fresources%2fcup.png&amp;mode=2003&amp;name=%5bCOLOR%20cyan%5d.Sports%20On%20Demand%5b%2fCOLOR%5d&amp;page&amp;play&amp;url=http%3a%2f%2fsportsnationhd.tv%2fapisprotected%2fchannels1.php&amp;sf_options=meta%3Dlabel%253D%25255BCOLOR%252Bcyan%25255D.Sports%252BOn%252BDemand%25255B%25252FCOLOR%25255D%2526title%253D%25255BCOLOR%252Bcyan%25255D.Sports%252BOn%252BDemand%25255B%25252FCOLOR%25255D%26_options_sf&quot;,return)</favourite>
	<favourite name="Movies / TV Shows On Demand" thumb="special://home/addons/plugin.video.sportsnationhdtv/resources/movies.png">ActivateWindow(10025,&quot;plugin://plugin.video.sportsnationhdtv/?date&amp;description&amp;iconimage=special%3a%2f%2fhome%2faddons%2fplugin.video.sportsnationhdtv%2fresources%2fmovies.png&amp;mode=12000&amp;name=%5bCOLOR%20mediumspringgreen%5d.Movies%20%2f%20TV%20Shows%20On%20Demand%20%5b%2fCOLOR%5d%5bCOLOR%20gold%5d%5b%2fCOLOR%5d&amp;page&amp;play&amp;url=http%3a%2f%2fxtyrepo.me%2fxunitytalk%2fplaylist%2fOSS%2520MAIN&amp;sf_options=meta%3Dlabel%253D%25255BCOLOR%252Bmediumspringgreen%25255D.Movies%252B%25252F%252BTV%252BShows%252BOn%252BDemand%252B%25255B%25252FCOLOR%25255D%25255BCOLOR%252Bgold%25255D%25255B%25252FCOLOR%25255D%2526title%253D%25255BCOLOR%252Bmediumspringgreen%25255D.Movies%252B%25252F%252BTV%252BShows%252BOn%252BDemand%252B%25255B%25252FCOLOR%25255D%25255BCOLOR%252Bgold%25255D%25255B%25252FCOLOR%25255D%26_options_sf&quot;,return)</favourite>
</favourites>