﻿<?xml version="1.0" encoding="UTF-8"?>
<tv>
  <channel id="BBC Red Button 1">
    <display-name lang="en">Dixie Info</display-name>
  </channel>
  <channel id="BBC Red Button">
    <display-name lang="en">BBC Red Button</display-name>
  </channel>
  <channel id="MyMovies">
    <display-name lang="en">MyMovies</display-name>
  </channel>
  <channel id="MyTVShows">
    <display-name lang="en">MyTVShows</display-name>
  </channel>
  <channel id="MyAlbums">
    <display-name lang="en">MyAlbums</display-name>
  </channel>
  <channel id="MyArtists">
    <display-name lang="en">MyArtists</display-name>
  </channel>
  <channel id="MyWeather">
    <display-name lang="en">MyWeather</display-name>
  </channel>
  <channel id="MyChannel 1">
    <display-name lang="en">MyChannel 1</display-name>
  </channel>
  <channel id="MyChannel 2">
    <display-name lang="en">MyChannel 2</display-name>
  </channel>
  <channel id="MyChannel 3">
    <display-name lang="en">MyChannel 3</display-name>
  </channel>
  <channel id="MyChannel 4">
    <display-name lang="en">MyChannel 4</display-name>
  </channel>
  <channel id="MyChannel 5">
    <display-name lang="en">MyChannel 5</display-name>
  </channel>
  <channel id="LazyTV">
    <display-name lang="en">LazyTV</display-name>
  </channel>
  <channel id="BBC1 HD">
    <display-name lang="en">BBC One</display-name>
  </channel>
  <channel id="BBC1 London">
    <display-name lang="en">BBC One SD</display-name>
  </channel>
  <channel id="BBC2 London">
    <display-name lang="en">BBC Two</display-name>
  </channel>
  <channel id="ITV London">
    <display-name lang="en">ITV1</display-name>
  </channel>
  <channel id="ITV London +1">
    <display-name lang="en">ITV1 +1</display-name>
  </channel>
  <channel id="Channel 4">
    <display-name lang="en">Channel 4</display-name>
  </channel>
  <channel id="Channel 5">
    <display-name lang="en">Channel 5</display-name>
  </channel>
  <channel id="Channel 5 +1">
    <display-name lang="en">Channel 5 +1</display-name>
  </channel>
  <channel id="Dave">
    <display-name lang="en">Dave</display-name>
  </channel>
  <channel id="Comedy Central">
    <display-name lang="en">Comedy Central</display-name>
  </channel>
  <channel id="Sky Atlantic">
    <display-name lang="en">Sky Atlantic</display-name>
  </channel>
  <channel id="Sky1">
    <display-name lang="en">Sky 1</display-name>
  </channel>
  <channel id="Sky2">
    <display-name lang="en">Sky 2</display-name>
  </channel>
  <channel id="BBC3">
    <display-name lang="en">BBC THREE</display-name>
  </channel>
  <channel id="BBC4">
    <display-name lang="en">BBC FOUR</display-name>
  </channel>
  <channel id="Sky Arts 1 HD">
    <display-name lang="en">Sky Arts 1</display-name>
  </channel>
  <channel id="Sky Arts 2 HD">
    <display-name lang="en">Sky Arts 2</display-name>
  </channel>
  <channel id="Sky Living HD">
    <display-name lang="en">Sky Living</display-name>
  </channel>
  <channel id="E4">
    <display-name lang="en">E4</display-name>
  </channel>
  <channel id="More4">
    <display-name lang="en">More4</display-name>
  </channel>
  <channel id="4seven">
    <display-name lang="en">4seven</display-name>
  </channel>
  <channel id="Film4">
    <display-name lang="en">Film4</display-name>
  </channel>
  <channel id="Disney Channel">
    <display-name lang="en">Disney Channel</display-name>
  </channel>
  <channel id="Disney XD">
    <display-name lang="en">Disney XD</display-name>
  </channel>
  <channel id="Nickelodeon">
    <display-name lang="en">Nickelodeon</display-name>
  </channel>
  <channel id="Nick Jr">
    <display-name lang="en">Nick Jr</display-name>
  </channel>
  <channel id="Cartoon Network">
    <display-name lang="en">Cartoon Network UK</display-name>
  </channel>
  <channel id="Cartoonito">
    <display-name lang="en">Cartoonito</display-name>
  </channel>
  <channel id="CBBC">
    <display-name lang="en">CBBC</display-name>
  </channel>
  <channel id="CBeebies">
    <display-name lang="en">CBeebies</display-name>
  </channel>
  <channel id="GOLD">
    <display-name lang="en">GOLD</display-name>
  </channel>
  <channel id="ITV2">
    <display-name lang="en">ITV2</display-name>
  </channel>
  <channel id="ITV2 +1">
    <display-name lang="en">ITV2 +1</display-name>
  </channel>
  <channel id="ITV3">
    <display-name lang="en">ITV3</display-name>
  </channel>
  <channel id="ITV3+1">
    <display-name lang="en">ITV3 +1</display-name>
  </channel>
  <channel id="ITV4">
    <display-name lang="en">ITV4</display-name>
  </channel>
  <channel id="ITV4 + 1">
    <display-name lang="en">ITV4 +1</display-name>
  </channel>
  <channel id="Discovery">
    <display-name lang="en">Discovery Channel</display-name>
  </channel>
  <channel id="Discovery Science">
    <display-name lang="en">Discovery Science</display-name>
  </channel>
  <channel id="National Geographic">
    <display-name lang="en">Nat Geo Channel UK</display-name>
  </channel>
  <channel id="Nat Geo Wild">
    <display-name lang="en">Nat Geo Wild</display-name>
  </channel>
  <channel id="Animal Planet">
    <display-name lang="en">Animal Planet</display-name>
  </channel>
  <channel id="Crime &amp; Investigation">
    <display-name lang="en">Crime and Investigation</display-name>
  </channel>
  <channel id="HISTORY">
    <display-name lang="en">History</display-name>
  </channel>
  <channel id="H2">
    <display-name lang="en">H2</display-name>
  </channel>
  <channel id="Discovery History">
    <display-name lang="en">Discovery History</display-name>
  </channel>
  <channel id="Discovery Home &amp; Health">
    <display-name lang="en">Discovery Home</display-name>
  </channel>
  <channel id="TLC">
    <display-name lang="en">TLC</display-name>
  </channel>
  <channel id="CBS Drama">
    <display-name lang="en">CBS Drama</display-name>
  </channel>
  <channel id="CBS Reality">
    <display-name lang="en">CBS Reality</display-name>
  </channel>
  <channel id="CBS Reality+1">
    <display-name lang="en">CBS Reality +1</display-name>
  </channel>
  <channel id="Drama">
    <display-name lang="en">Drama</display-name>
  </channel>
  <channel id="Watch">
    <display-name lang="en">Watch</display-name>
  </channel>
  <channel id="Pick">
    <display-name lang="en">Pick</display-name>
  </channel>
  <channel id="Really">
    <display-name lang="en">Really</display-name>
  </channel>
  <channel id="Home">
    <display-name lang="en">Home</display-name>
  </channel>
  <channel id="Eden">
    <display-name lang="en">Eden</display-name>
  </channel>
  <channel id="Alibi">
    <display-name lang="en">Alibi</display-name>
  </channel>
  <channel id="QUEST">
    <display-name lang="en">Quest</display-name>
  </channel>
  <channel id="YESTERDAY">
    <display-name lang="en">Yesterday</display-name>
  </channel>
  <channel id="Food Network">
    <display-name lang="en">Food Network</display-name>
  </channel>
  <channel id="Food Network +1">
    <display-name lang="en">Food Network +1</display-name>
  </channel>
  <channel id="Good Food">
    <display-name lang="en">Good Food</display-name>
  </channel>
  <channel id="travelchannel +1">
    <display-name lang="en">Travel Channel +1</display-name>
  </channel>
  <channel id="5*">
    <display-name lang="en">5 Star</display-name>
  </channel>
  <channel id="5USA">
    <display-name lang="en">5 USA</display-name>
  </channel>
  <channel id="Syfy">
    <display-name lang="en">SYFY UK</display-name>
  </channel>
  <channel id="FOX HD">
    <display-name lang="en">FOX UK</display-name>
  </channel>
  <channel id="Sky Movies Premiere HD">
    <display-name lang="en">Sky Premiere</display-name>
  </channel>
  <channel id="Sky Movies Showcase HD">
    <display-name lang="en">Sky Showcase</display-name>
  </channel>
  <channel id="Sky Movies Comedy HD">
    <display-name lang="en">Sky Comedy</display-name>
  </channel>
  <channel id="Sky Movies Action &amp; Adventure">
    <display-name lang="en">Sky Action</display-name>
  </channel>
  <channel id="Sky Movies Family HD">
    <display-name lang="en">Sky Family</display-name>
  </channel>
  <channel id="Sky Movies Drama &amp; Romance HD">
    <display-name lang="en">Sky Drama</display-name>
  </channel>
  <channel id="Sky Movies Sci-fi &amp; Horror HD">
    <display-name lang="en">Sky Sci-fiHorror</display-name>
  </channel>
  <channel id="Sky Movies Greats HD">
    <display-name lang="en">Sky Modern Greats</display-name>
  </channel>
  <channel id="Sky Movies Crime &amp; Thriller HD">
    <display-name lang="en">Sky Thriller</display-name>
  </channel>
  <channel id="Sky Movies Select HD">
    <display-name lang="en">Sky Select</display-name>
  </channel>
  <channel id="Sky Movies Disney HD">
    <display-name lang="en">Sky Disney</display-name>
  </channel>
  <channel id="TCM HD">
    <display-name lang="en">TCM</display-name>
  </channel>
  <channel id="Movies4Men">
    <display-name lang="en">Movies4Men</display-name>
  </channel>
  <channel id="BBC News">
    <display-name lang="en">BBC News</display-name>
  </channel>
  <channel id="Sky News HD">
    <display-name lang="en">Sky News</display-name>
  </channel>
  <channel id="CNN">
    <display-name lang="en">CNN</display-name>
  </channel>
  <channel id="FOX News">
    <display-name lang="en">FOX News</display-name>
  </channel>
  <channel id="Al Jazeera English">
    <display-name lang="en">Al Jazeera English</display-name>
  </channel>
  <channel id="E Entertainment HD">
    <display-name lang="en">E</display-name>
  </channel>
  <channel id="RAM FM">
    <display-name lang="en">RAM FM</display-name>
  </channel>
  <channel id="Vevo">
    <display-name lang="en">Vevo</display-name>
  </channel>
  <channel id="VH1">
    <display-name lang="en">VH1</display-name>
  </channel>
  <channel id="VH1 Classic">
    <display-name lang="cs">VH1 Classic</display-name>
    <icon src="http://portal2.sms.cz/kategorie/televize/bmp/loga/velka/VH1Classic.png" />
  </channel>
  <channel id="Viva">
    <display-name lang="en">VIVA</display-name>
  </channel>
  <channel id="Capital TV">
    <display-name lang="en">Capital TV</display-name>
  </channel>
  <channel id="Heart TV">
    <display-name lang="en">Heart TV</display-name>
  </channel>
  <channel id="Virgin TV">
    <display-name lang="en">Virgin TV</display-name>
  </channel>
  <channel id="Vintage TV">
    <display-name lang="en">Vintage TV</display-name>
  </channel>
  <channel id="4Music">
    <display-name lang="en">4Music</display-name>
  </channel>
  <channel id="Kiss TV">
    <display-name lang="en">Kiss TV</display-name>
  </channel>
  <channel id="MTV">
    <display-name lang="en">MTV</display-name>
  </channel>
  <channel id="MTVHD 675">
    <display-name lang="en">MTV US</display-name>
  </channel>
  <channel id="MTV Hits">
    <display-name lang="en">MTV HITS</display-name>
  </channel>
  <channel id="MTV Dance">
    <display-name lang="en">MTV DANCE</display-name>
  </channel>
  <channel id="RTE One">
    <display-name lang="en">RTE One</display-name>
  </channel>
  <channel id="RTE Two">
    <display-name lang="en">RTE Two</display-name>
  </channel>
  <channel id="TV3">
    <display-name lang="en">TV3</display-name>
  </channel>
  <channel id="TG4">
    <display-name lang="en">TG4</display-name>
  </channel>
  <channel id="3e">
    <display-name lang="en">3e</display-name>
  </channel>
  <channel id="Setanta Ireland">
    <display-name lang="en">Setanta Ireland</display-name>
  </channel>
  <channel id="Setanta Sports 1">
    <display-name lang="en">Setanta Sports 1</display-name>
  </channel>
  <channel id="Eurosport HD">
    <display-name lang="en">Eurosport</display-name>
  </channel>
  <channel id="Eurosport 2 HD">
    <display-name lang="en">Eurosport 2</display-name>
  </channel>
  <channel id="TRACE Sports Stars">
    <display-name lang="en">Trace Sports</display-name>
  </channel>
  <channel id="Motors TV">
    <display-name lang="en">Motors TV</display-name>
  </channel>
  <channel id="Sky Sports News HD">
    <display-name lang="en">Sky Sports News</display-name>
  </channel>
  <channel id="Sky Sports 1">
    <display-name lang="en">Sky Sports 1</display-name>
  </channel>
  <channel id="Sky Sports 2 HD">
    <display-name lang="en">Sky Sports 2</display-name>
  </channel>
  <channel id="Sky Sports 3">
    <display-name lang="en">Sky Sports 3</display-name>
  </channel>
  <channel id="Sky Sports 4">
    <display-name lang="en">Sky Sports 4</display-name>
  </channel>
  <channel id="Sky Sports 5">
    <display-name lang="en">Sky Sports 5</display-name>
  </channel>
  <channel id="Sky Sports F1 HD">
    <display-name lang="en">Sky Sports F1</display-name>
  </channel>
  <channel id="Sky Poker">
    <display-name lang="en">Sky Poker</display-name>
  </channel>
  <channel id="BT Sport 1 HD">
    <display-name lang="en">BT Sport 1</display-name>
  </channel>
  <channel id="BT Sport 2 HD">
    <display-name lang="en">BT Sport 2</display-name>
  </channel>
  <channel id="ESPN HD">
    <display-name lang="en">ESPN UK</display-name>
  </channel>
  <channel id="Premier Sports">
    <display-name lang="en">Premier Sports</display-name>
  </channel>
  <channel id="Racing UK">
    <display-name lang="en">Racing UK</display-name>
  </channel>
  <channel id="at the races">
    <display-name lang="en">At The Races</display-name>
  </channel>
  <channel id="BoxNation">
    <display-name lang="en">Box Nation</display-name>
  </channel>
  <channel id="Chelsea TV">
    <display-name lang="en">Chelsea TV</display-name>
  </channel>
  <channel id="DK 6eren HD">
    <display-name lang="en">6EREN DK</display-name>
  </channel>
  <channel id="SN1HD 501">
    <display-name lang="en">Sportsnet One HD</display-name>
  </channel>
  <channel id="SNOHD 502">
    <display-name lang="en">Sportsnet Ontario</display-name>
  </channel>
  <channel id="SNWL 429">
    <display-name lang="en">Sportsnet World HD</display-name>
  </channel>
  <channel id="Sportsnet 360">
    <display-name lang="en">Sportsnet 360</display-name>
  </channel>
  <channel id="NBCSP 382">
    <display-name lang="en">NBC Sports HD</display-name>
  </channel>
  <channel id="EPLET 353">
    <display-name lang="en">NBC Sports ET1</display-name>
  </channel>
  <channel id="EPLET 354">
    <display-name lang="en">NBC Sports ET2</display-name>
  </channel>
  <channel id="EPLET 355">
    <display-name lang="en">NBC Sports ET3</display-name>
  </channel>
  <channel id="EPLET 356">
    <display-name lang="en">NBC Sports ET4</display-name>
  </channel>
  <channel id="NFL 389">
    <display-name lang="en">NFL TV</display-name>
  </channel>
  <channel id="NBA TV HDTV">
    <display-name lang="en">NBA TV</display-name>
  </channel>
  <channel id="beIn 598">
    <display-name lang="en">Bein Sports HD</display-name>
  </channel>
  <channel id="FS1HD 689">
    <display-name lang="en">Fox Sports 1</display-name>
  </channel>
  <channel id="FS2 383">
    <display-name lang="en">Fox Sports 2</display-name>
  </channel>
  <channel id="TSNHD 506">
    <display-name lang="en">TSN HD</display-name>
  </channel>
  <channel id="TSN2D 507">
    <display-name lang="en">TSN 2 HD</display-name>
  </channel>
  <channel id="ESPNHD 681">
    <display-name lang="en">ESPN USA</display-name>
  </channel>
  <channel id="ESPN2HD 682">
    <display-name lang="en">ESPN2 USA</display-name>
  </channel>
  <channel id="MSGHD 678">
    <display-name lang="en">MSG Network</display-name>
  </channel>
  <channel id="WHTMH 5170">
    <display-name lang="en">ABC</display-name>
  </channel>
  <channel id="WHP-DT 5171">
    <display-name lang="en">CBS</display-name>
  </channel>
  <channel id="WGALHD 5172">
    <display-name lang="en">NBC</display-name>
  </channel>
  <channel id="WPMTDT1 5173">
    <display-name lang="en">FOX</display-name>
  </channel>
  <channel id="WHVL HDTV">
    <display-name lang="en">My9</display-name>
  </channel>
  <channel id="WLYH-DT 5175">
    <display-name lang="en">CW</display-name>
  </channel>
  <channel id="WITFHD 5174">
    <display-name lang="en">PBS</display-name>
  </channel>
  <channel id="AE 118">
    <display-name lang="en">AE</display-name>
  </channel>
  <channel id="BRAVO 129">
    <display-name lang="en">BRAVO HD</display-name>
  </channel>
  <channel id="HGTVD 643">
    <display-name lang="en">HGTV</display-name>
  </channel>
  <channel id="BET-HD 619">
    <display-name lang="en">BET</display-name>
  </channel>
  <channel id="CNBC 310">
    <display-name lang="en">CNBC</display-name>
  </channel>
  <channel id="CNN 200">
    <display-name lang="en">CNN HD</display-name>
  </channel>
  <channel id="MSNBC">
    <display-name lang="en">MSNBC</display-name>
  </channel>
  <channel id="Al Jazeera America">
    <display-name lang="en">Al Jazeera America</display-name>
  </channel>
  <channel id="COMEDY 107">
    <display-name lang="en">Comedy Central HD</display-name>
  </channel>
  <channel id="DSC 182">
    <display-name lang="en">Discovery US</display-name>
  </channel>
  <channel id="ANIMAL 184">
    <display-name lang="en">Animal Planet HD</display-name>
  </channel>
  <channel id="FOOD 110">
    <display-name lang="en">Food Network US</display-name>
  </channel>
  <channel id="FNC 205">
    <display-name lang="en">Fox News HD</display-name>
  </channel>
  <channel id="FX 136">
    <display-name lang="en">FX</display-name>
  </channel>
  <channel id="HIST 340">
    <display-name lang="en">History US</display-name>
  </channel>
  <channel id="LIFE 108">
    <display-name lang="en">LIFE</display-name>
  </channel>
  <channel id="NGC 186">
    <display-name lang="en">Nat Geo US</display-name>
  </channel>
  <channel id="NIK 170">
    <display-name lang="en">Nickelodeon US</display-name>
  </channel>
  <channel id="DISNEY 172">
    <display-name lang="en">Disney Channel US</display-name>
  </channel>
  <channel id="TOON 176">
    <display-name lang="en">Cartoon Network US</display-name>
  </channel>
  <channel id="SPK 241">
    <display-name lang="en">Spike HD</display-name>
  </channel>
  <channel id="Syfy 122">
    <display-name lang="en">SYFY HD</display-name>
  </channel>
  <channel id="TBS 139">
    <display-name lang="en">TBS HD</display-name>
  </channel>
  <channel id="TNT 138">
    <display-name lang="en">TNT HD</display-name>
  </channel>
  <channel id="USA 105">
    <display-name lang="en">USA Network</display-name>
  </channel>
  <channel id="WPIX 11">
    <display-name lang="en">WPIX 11</display-name>
  </channel>
  <channel id="HBOHDe 700">
    <display-name lang="en">HBO HD</display-name>
  </channel>
  <channel id="AMCHD 667">
    <display-name lang="en">AMC HD</display-name>
  </channel>
  <channel id="FXXHD 698">
    <display-name lang="en">FXX HD</display-name>
  </channel>
  <channel id="FXM 141">
    <display-name lang="en">FX Movie Channel</display-name>
  </channel>
  <channel id="SHOHDe 720">
    <display-name lang="en">Showtime</display-name>
  </channel>
  <channel id="STARZ 430">
    <display-name lang="en">Starz</display-name>
  </channel>
  <channel id="MGMHD 762">
    <display-name lang="en">MGM HD</display-name>
  </channel>
  <channel id="WFLA HDTV">
    <display-name lang="en">WFLA HDTV</display-name>
  </channel>
  <channel id="WFLA MeTV">
    <display-name lang="en">WFLA MeTV</display-name>
  </channel>
  <channel id="WUSF">
    <display-name lang="en">WUSF</display-name>
  </channel>
  <channel id="ION Life FL">
    <display-name lang="en">ION Life FL</display-name>
  </channel>
  <channel id="qubo FL">
    <display-name lang="en">qubo FL</display-name>
  </channel>
  <channel id="WMOR ThisTV">
    <display-name lang="en">WMOR ThisTV</display-name>
  </channel>
  <channel id="WEDU HDTV">
    <display-name lang="en">WEDU HDTV</display-name>
  </channel>
  <channel id="WEDU+">
    <display-name lang="en">WEDU+</display-name>
  </channel>
  <channel id="WFTS HDTV">
    <display-name lang="en">WFTS HDTV</display-name>
  </channel>
  <channel id="WFTS LiveWell FL">
    <display-name lang="en">WFTS LiveWell FL</display-name>
  </channel>
  <channel id="WTSP HDTV">
    <display-name lang="en">WTSP HDTV</display-name>
  </channel>
  <channel id="WTSP Antenna TV">
    <display-name lang="en">WTSP Antenna TV</display-name>
  </channel>
  <channel id="WTTA HDTV">
    <display-name lang="en">WTTA HDTV</display-name>
  </channel>
  <channel id="WTVT HDTV">
    <display-name lang="en">WTVT HDTV</display-name>
  </channel>
  <channel id="WUSF HDTV">
    <display-name lang="en">WUSF HDTV</display-name>
  </channel>
  <channel id="WWSB HDTV">
    <display-name lang="en">WWSB HDTV</display-name>
  </channel>
  <channel id="WEDU VME">
    <display-name lang="en">WEDU VME</display-name>
  </channel>
  <channel id="WEDU FLA Channel">
    <display-name lang="en">WEDU FLA Channel</display-name>
  </channel>
  <channel id="WTVT Movies">
    <display-name lang="en">WTVT Movies</display-name>
  </channel>
  <channel id="WUSF KIDS">
    <display-name lang="en">WUSF KIDS</display-name>
  </channel>
  <channel id="WUSF CREATE">
    <display-name lang="en">WUSF CREATE</display-name>
  </channel>
  <channel id="WHRT">
    <display-name lang="en">WHRT</display-name>
  </channel>
  <channel id="WMOR HDTV">
    <display-name lang="en">WMOR HDTV</display-name>
  </channel>
  <channel id="WTTA THE COOL TV">
    <display-name lang="en">WTTA THE COOL TV</display-name>
  </channel>
  <channel id="WTOG HDTV">
    <display-name lang="en">WTOG HDTV</display-name>
  </channel>
  <channel id="WZRA">
    <display-name lang="en">WZRA</display-name>
  </channel>
  <channel id="WLWN LIVE WELL">
    <display-name lang="en">WLWN LIVE WELL</display-name>
  </channel>
  <channel id="WFTT BOUNCE TV">
    <display-name lang="en">WFTT BOUNCE TV</display-name>
  </channel>
  <channel id="WFTT GET TV">
    <display-name lang="en">WFTT GET TV</display-name>
  </channel>
  <channel id="WXPX HDTV">
    <display-name lang="en">WXPX HDTV</display-name>
  </channel>
  <channel id="ABC USTV">
    <display-name lang="en">ABC USTV</display-name>
  </channel>
  <channel id="CBS USTV">
    <display-name lang="en">CBS USTV</display-name>
  </channel>
  <channel id="NBC USTV">
    <display-name lang="en">NBC USTV</display-name>
  </channel>
  <channel id="FOX USTV">
    <display-name lang="en">FOX USTV</display-name>
  </channel>
  <channel id="My9 USTV">
    <display-name lang="en">My9 USTV</display-name>
  </channel>
  <channel id="CW USTV">
    <display-name lang="en">CW USTV</display-name>
  </channel>
  <channel id="PBS USTV">
    <display-name lang="en">PBS USTV</display-name>
  </channel>
  <channel id="CBC Toronto">
    <display-name lang="en">CBC Toronto</display-name>
  </channel>
  <channel id="City Toronto">
    <display-name lang="en">City Toronto</display-name>
  </channel>
  <channel id="CTVHD 581">
    <display-name lang="en">CTV HD</display-name>
  </channel>
  <channel id="CTV Toronto">
    <display-name lang="en">CTV Toronto</display-name>
  </channel>
  <channel id="HGTV Canada">
    <display-name lang="en">HGTV Canada</display-name>
  </channel>
  <channel id="CBLFT Toronto">
    <display-name lang="en">CBLFT Toronto</display-name>
  </channel>
  <channel id="TFO Ontario">
    <display-name lang="en">TFO Ontario</display-name>
  </channel>
  <channel id="Oasis HDTV Canada">
    <display-name lang="en">Oasis HDTV Canada</display-name>
  </channel>
  <channel id="Nat Geo Canada">
    <display-name lang="en">Nat Geo Canada</display-name>
  </channel>
  <channel id="Comedy Network Canada">
    <display-name lang="en">Comedy Network Canada</display-name>
  </channel>
  <channel id="History Canada">
    <display-name lang="en">History Canada</display-name>
  </channel>
  <channel id="H2 Canada">
    <display-name lang="en">H2 Canada</display-name>
  </channel>
  <channel id="AXN Movies HDTV">
    <display-name lang="en">AXN HD</display-name>
  </channel>
  <channel id="DK 7eren">
    <display-name lang="en">7eren</display-name>
  </channel>
  <channel id="DK C More Series HD">
    <display-name lang="en">C More Series</display-name>
  </channel>
  <channel id="DK Canal 9 HD">
    <display-name lang="en">Canal 9 DK</display-name>
  </channel>
  <channel id="DK C More First">
    <display-name lang="en">C More First</display-name>
  </channel>
  <channel id="SE C More Fotboll">
    <display-name lang="en">C More Fotboll SE</display-name>
  </channel>
  <channel id="DK Canal8 Sport HD">
    <display-name lang="en">Canal 8 Sport</display-name>
  </channel>
  <channel id="DK Discovery Channel HD">
    <display-name lang="en">Discovery DK</display-name>
  </channel>
  <channel id="NO Discovery Channel">
    <display-name lang="en">Discovery NO</display-name>
  </channel>
  <channel id="SE Discovery Channel">
    <display-name lang="en">Discovery SE</display-name>
  </channel>
  <channel id="DK Disney Channel">
    <display-name lang="en">Disney Channel DK</display-name>
  </channel>
  <channel id="SE Disney Channel">
    <display-name lang="en">Disney Kanalen SE</display-name>
  </channel>
  <channel id="DK DK4 HD">
    <display-name lang="en">DK 4</display-name>
  </channel>
  <channel id="DK DR1 HD">
    <display-name lang="en">DR 1</display-name>
  </channel>
  <channel id="DK DR2">
    <display-name lang="en">DR 2</display-name>
  </channel>
  <channel id="DK DR3">
    <display-name lang="en">DR 3</display-name>
  </channel>
  <channel id="DK DR K">
    <display-name lang="en">DR K</display-name>
  </channel>
  <channel id="DK DR Ramasjang">
    <display-name lang="en">DR Ramasjang</display-name>
  </channel>
  <channel id="DK DR Ultra">
    <display-name lang="en">DR Ultra</display-name>
  </channel>
  <channel id="SE Yle FEM">
    <display-name lang="en">FEM</display-name>
  </channel>
  <channel id="DK Viasat Golf">
    <display-name lang="en">Golf DK</display-name>
  </channel>
  <channel id="NO Viasat Golf">
    <display-name lang="en">Golf NO</display-name>
  </channel>
  <channel id="SE Viasat Golf">
    <display-name lang="en">Golf SE</display-name>
  </channel>
  <channel id="DK Kanal 4">
    <display-name lang="en">Kanal 4</display-name>
  </channel>
  <channel id="DK Kanal 5 HD">
    <display-name lang="en">Kanal 5 DK</display-name>
  </channel>
  <channel id="SE Kanal 5">
    <display-name lang="en">Kanal 5 SE</display-name>
  </channel>
  <channel id="SE Kanal 9">
    <display-name lang="en">Kanal 9 SE</display-name>
  </channel>
  <channel id="NO NRK1 HD">
    <display-name lang="en">NRK 1</display-name>
  </channel>
  <channel id="NO NRK2 HD">
    <display-name lang="en">NRK 2</display-name>
  </channel>
  <channel id="NO NRK3 HD">
    <display-name lang="en">NRK 3</display-name>
  </channel>
  <channel id="SE Sjuan">
    <display-name lang="en">Sjuan</display-name>
  </channel>
  <channel id="SE SVT 1 HD">
    <display-name lang="en">SVT 1</display-name>
  </channel>
  <channel id="SE SVT 2 HD">
    <display-name lang="en">SVT 2</display-name>
  </channel>
  <channel id="SE SVT 24">
    <display-name lang="en">SVT 24</display-name>
  </channel>
  <channel id="DK TLC Danmark HD">
    <display-name lang="en">TLC DK</display-name>
  </channel>
  <channel id="SE TV10">
    <display-name lang="en">TV 10 SE</display-name>
  </channel>
  <channel id="DK TV2">
    <display-name lang="en">TV 2 DK</display-name>
  </channel>
  <channel id="NO TV 2 Bliss">
    <display-name lang="en">TV 2 Bliss</display-name>
  </channel>
  <channel id="DK TV2 Charlie">
    <display-name lang="en">TV 2 Charlie</display-name>
  </channel>
  <channel id="DK TV2 Film HD">
    <display-name lang="en">TV 2 Film3</display-name>
  </channel>
  <channel id="NO TV 2 Filmkanalen">
    <display-name lang="en">TV 2 Filmkanalen</display-name>
  </channel>
  <channel id="DK TV2 Fri">
    <display-name lang="en">TV 2 Fri</display-name>
  </channel>
  <channel id="DK TV2 Lorry HD">
    <display-name lang="en">TV 2 Lorry</display-name>
  </channel>
  <channel id="DK TV2 News">
    <display-name lang="en">TV 2 News</display-name>
  </channel>
  <channel id="NO TV 2">
    <display-name lang="en">TV 2 NO</display-name>
  </channel>
  <channel id="NO TV 2 Nyhetsskanalen">
    <display-name lang="en">TV 2 Nyhetsskanalen</display-name>
  </channel>
  <channel id="NO TV 2 Zebra">
    <display-name lang="en">TV 2 Zebra</display-name>
  </channel>
  <channel id="DK TV2 Zulu">
    <display-name lang="en">TV 2 Zulu</display-name>
  </channel>
  <channel id="DK TV3 HD">
    <display-name lang="en">TV 3 DK</display-name>
  </channel>
  <channel id="NO TV3 HD">
    <display-name lang="en">TV 3 NO</display-name>
  </channel>
  <channel id="DK TV3+">
    <display-name lang="en">TV 3 Plus</display-name>
  </channel>
  <channel id="DK TV3 Puls">
    <display-name lang="en">TV 3 Puls</display-name>
  </channel>
  <channel id="SE TV3 HD">
    <display-name lang="en">TV 3 SE</display-name>
  </channel>
  <channel id="DK TV3 Sport 1 HD">
    <display-name lang="en">TV 3 Sport 1</display-name>
  </channel>
  <channel id="DK TV3 Sport 2 HD">
    <display-name lang="en">TV 3 Sport 2</display-name>
  </channel>
  <channel id="SE TV4 Fakta">
    <display-name lang="en">TV 4 Fakta</display-name>
  </channel>
  <channel id="SE TV4 Guld">
    <display-name lang="en">TV 4 Guld</display-name>
  </channel>
  <channel id="SE TV4 HD">
    <display-name lang="en">TV 4 SE</display-name>
  </channel>
  <channel id="SE TV4 Komedi">
    <display-name lang="en">TV 4 Komedi</display-name>
  </channel>
  <channel id="SE TV4 Sport">
    <display-name lang="en">TV 4 Sport</display-name>
  </channel>
  <channel id="SE TV6 HD">
    <display-name lang="en">TV 6 Sverige</display-name>
  </channel>
  <channel id="SE TV8">
    <display-name lang="en">TV 8 SE</display-name>
  </channel>
  <channel id="TVNORGE">
    <display-name lang="nb">TV Norge</display-name>
  </channel>
  <channel id="DE 13th Street">
    <display-name lang="en">DE 13th Street</display-name>
  </channel>
  <channel id="DE 3sat">
    <display-name lang="en">DE 3sat</display-name>
  </channel>
  <channel id="DE Das Erste">
    <display-name lang="en">DE Das Erste</display-name>
  </channel>
  <channel id="DE Disney Cinemagic">
    <display-name lang="en">DE Disney Cinemagic</display-name>
  </channel>
  <channel id="DE EinsPlus">
    <display-name lang="en">DE EinsPlus</display-name>
  </channel>
  <channel id="DE Einsfestival">
    <display-name lang="en">DE Einsfestival</display-name>
  </channel>
  <channel id="DE Euronews">
    <display-name lang="en">DE Euronews</display-name>
  </channel>
  <channel id="DE Eurosport">
    <display-name lang="en">DE Eurosport</display-name>
  </channel>
  <channel id="DE History HD">
    <display-name lang="en">DE History HD</display-name>
  </channel>
  <channel id="DE Kika HD">
    <display-name lang="en">DE Kika HD</display-name>
  </channel>
  <channel id="DE MGM">
    <display-name lang="en">DE MGM</display-name>
  </channel>
  <channel id="DE N-TV">
    <display-name lang="en">DE N-TV</display-name>
  </channel>
  <channel id="DE Nat Geo">
    <display-name lang="en">DE Nat Geo</display-name>
  </channel>
  <channel id="DE Nat Geo Wild">
    <display-name lang="en">DE Nat Geo Wild</display-name>
  </channel>
  <channel id="DE Phoenix">
    <display-name lang="en">DE Phoenix</display-name>
  </channel>
  <channel id="DE RTL Crime">
    <display-name lang="en">DE RTL Crime</display-name>
  </channel>
  <channel id="DE RTL HD">
    <display-name lang="en">DE RTL</display-name>
  </channel>
  <channel id="DE RTL II">
    <display-name lang="en">DE RTL II</display-name>
  </channel>
  <channel id="DE RTL Living">
    <display-name lang="en">DE RTL Living</display-name>
  </channel>
  <channel id="DE RTL Nitro">
    <display-name lang="en">DE RTL Nitro</display-name>
  </channel>
  <channel id="DE RTL Passion">
    <display-name lang="en">DE RTL Passion</display-name>
  </channel>
  <channel id="DE Super RTL">
    <display-name lang="en">DE Super RTL</display-name>
  </channel>
  <channel id="DE SAT.1">
    <display-name lang="en">DE SAT.1</display-name>
  </channel>
  <channel id="DE SAT.1 Gold">
    <display-name lang="en">DE SAT.1 Gold</display-name>
  </channel>
  <channel id="DE Sixx HD">
    <display-name lang="en">DE Sixx</display-name>
  </channel>
  <channel id="DE Sky Action">
    <display-name lang="en">DE Sky Action</display-name>
  </channel>
  <channel id="DE Sky 3D">
    <display-name lang="en">DE Sky 3D</display-name>
  </channel>
  <channel id="DE Sky Cinema HD">
    <display-name lang="en">DE Sky Cinema HD</display-name>
  </channel>
  <channel id="DE Sky Atlantic">
    <display-name lang="en">DE Sky Atlantic</display-name>
  </channel>
  <channel id="DE Sky Hits">
    <display-name lang="en">DE Sky Hits</display-name>
  </channel>
  <channel id="DE Sky Bundesliga HD 1">
    <display-name lang="en">DE Sky Bundesliga HD 1</display-name>
  </channel>
  <channel id="DE Sport1">
    <display-name lang="en">DE Sport1</display-name>
  </channel>
  <channel id="DE Sport 1+ HD">
    <display-name lang="en">DE Sport 1+ HD</display-name>
  </channel>
  <channel id="DE SyFy HD">
    <display-name lang="en">DE SyFy HD</display-name>
  </channel>
  <channel id="DE tagesschau24">
    <display-name lang="en">DE tagesschau24</display-name>
  </channel>
  <channel id="DE TNT Film">
    <display-name lang="en">DE TNT Film</display-name>
  </channel>
  <channel id="DE TNT Serie">
    <display-name lang="en">DE TNT Serie</display-name>
  </channel>
  <channel id="DE ZDF Info HD">
    <display-name lang="en">DE ZDF Info HD</display-name>
  </channel>
  <channel id="DE Pro7 HD">
    <display-name lang="en">DE Pro7 HD</display-name>
  </channel>
  <channel id="DE ZDF HD">
    <display-name lang="en">DE ZDF HD</display-name>
  </channel>
  <channel id="DE Nickelodeon Comedy Central">
    <display-name lang="en">DE Nick + Comedy Central</display-name>
  </channel>
  <channel id="3rd Rock From The Sun">
    <display-name lang="en">3rd Rock From The Sun</display-name>
  </channel>
  <channel id="All In The Family">
    <display-name lang="en">All In The Family</display-name>
  </channel>
  <channel id="American Dad">
    <display-name lang="en">American Dad</display-name>
  </channel>
  <channel id="Anger Management">
    <display-name lang="en">Anger Management</display-name>
  </channel>
  <channel id="Archer">
    <display-name lang="en">Archer</display-name>
  </channel>
  <channel id="Arrested Development">
    <display-name lang="en">Arrested Development</display-name>
  </channel>
  <channel id="Becker">
    <display-name lang="en">Becker</display-name>
  </channel>
  <channel id="Bones">
    <display-name lang="en">Bones</display-name>
  </channel>
  <channel id="Boy Meet World">
    <display-name lang="en">Boy Meets World</display-name>
  </channel>
  <channel id="Breaking Bad">
    <display-name lang="en">Breaking Bad</display-name>
  </channel>
  <channel id="Burn Notice">
    <display-name lang="en">Burn Notice</display-name>
  </channel>
  <channel id="Cheers">
    <display-name lang="en">Cheers</display-name>
  </channel>
  <channel id="Community">
    <display-name lang="en">Community</display-name>
  </channel>
  <channel id="Cops">
    <display-name lang="en">Cops</display-name>
  </channel>
  <channel id="Curb Your Enthusiasm">
    <display-name lang="en">Curb Your Enthusiasm</display-name>
  </channel>
  <channel id="Deep Space Nine">
    <display-name lang="en">Deep Space Nine</display-name>
  </channel>
  <channel id="Dinos">
    <display-name lang="en">Dinosaurs</display-name>
  </channel>
  <channel id="Eastbound and Down">
    <display-name lang="en">Eastbound and Down</display-name>
  </channel>
  <channel id="Everybody Loves Raymond">
    <display-name lang="en">Everybody Loves Raymond</display-name>
  </channel>
  <channel id="Family Guy">
    <display-name lang="en">Family Guy</display-name>
  </channel>
  <channel id="Frasier">
    <display-name lang="en">Frasier</display-name>
  </channel>
  <channel id="Friends">
    <display-name lang="en">Friends</display-name>
  </channel>
  <channel id="Full House">
    <display-name lang="en">Full House</display-name>
  </channel>
  <channel id="Futurama">
    <display-name lang="en">Futurama</display-name>
  </channel>
  <channel id="Growing Pains">
    <display-name lang="en">Growing Pains</display-name>
  </channel>
  <channel id="Hanging With Mr Cooper">
    <display-name lang="en">Hanging With Mr Cooper</display-name>
  </channel>
  <channel id="Home Improvement">
    <display-name lang="en">Home Improvement</display-name>
  </channel>
  <channel id="How I Met Your Mother">
    <display-name lang="en">How I Met Your Mother</display-name>
  </channel>
  <channel id="Its Always Sunny In Philadelphia">
    <display-name lang="en">Its Always Sunny In Philadelphia</display-name>
  </channel>
  <channel id="Just Shoot Me">
    <display-name lang="en">Just Shoot Me</display-name>
  </channel>
  <channel id="King Of Queens">
    <display-name lang="en">King Of Queens</display-name>
  </channel>
  <channel id="King Of The Hill">
    <display-name lang="en">King Of The Hill</display-name>
  </channel>
  <channel id="Malcolm In The Middle">
    <display-name lang="en">Malcolm In The Middle</display-name>
  </channel>
  <channel id="Married With Children">
    <display-name lang="en">Married With Children</display-name>
  </channel>
  <channel id="MASH">
    <display-name lang="en">MASH</display-name>
  </channel>
  <channel id="Modern Family">
    <display-name lang="en">Modern Family</display-name>
  </channel>
  <channel id="New Girl">
    <display-name lang="en">New Girl</display-name>
  </channel>
  <channel id="News Radio">
    <display-name lang="en">News Radio</display-name>
  </channel>
  <channel id="Night Court">
    <display-name lang="en">Night Court</display-name>
  </channel>
  <channel id="Northern Exposer">
    <display-name lang="en">Northern Exposure</display-name>
  </channel>
  <channel id="Perfect Strangers">
    <display-name lang="en">Perfect Strangers</display-name>
  </channel>
  <channel id="Rescue Me">
    <display-name lang="en">Rescue Me</display-name>
  </channel>
  <channel id="Robot Chicken">
    <display-name lang="en">Robot Chicken</display-name>
  </channel>
  <channel id="Roseanne">
    <display-name lang="en">Roseanne</display-name>
  </channel>
  <channel id="Rules OF Engagement">
    <display-name lang="en">Rules Of Engagement</display-name>
  </channel>
  <channel id="Scrubs">
    <display-name lang="en">Scrubs</display-name>
  </channel>
  <channel id="Seinfeld">
    <display-name lang="en">Seinfeld</display-name>
  </channel>
  <channel id="South Park">
    <display-name lang="en">South Park</display-name>
  </channel>
  <channel id="Star Trek Enterprise">
    <display-name lang="en">Star Trek Enterprise</display-name>
  </channel>
  <channel id="Star Trek Next Generation">
    <display-name lang="en">Star Trek Next Generation</display-name>
  </channel>
  <channel id="Star Trek Original">
    <display-name lang="en">Star Trek Original</display-name>
  </channel>
  <channel id="Star Trek Voyager">
    <display-name lang="en">Star Trek Voyager</display-name>
  </channel>
  <channel id="That 70s Show">
    <display-name lang="en">That 70s Show</display-name>
  </channel>
  <channel id="The Big Bang Theory">
    <display-name lang="en">The Big Bang Theory</display-name>
  </channel>
  <channel id="The Cosby Show">
    <display-name lang="en">The Cosby Show</display-name>
  </channel>
  <channel id="The Drew Carey Show">
    <display-name lang="en">The Drew Carey Show</display-name>
  </channel>
  <channel id="The Fresh Prince OF Bel Air">
    <display-name lang="en">The Fresh Prince Of Bel Air</display-name>
  </channel>
  <channel id="The Office">
    <display-name lang="en">The Office</display-name>
  </channel>
  <channel id="The Simpsons">
    <display-name lang="en">The Simpsons</display-name>
  </channel>
  <channel id="The Sopranos">
    <display-name lang="en">The Sopranos</display-name>
  </channel>
  <channel id="The Walking Dead">
    <display-name lang="en">The Walking Dead</display-name>
  </channel>
  <channel id="Threes Company">
    <display-name lang="en">Threes Company</display-name>
  </channel>
  <channel id="Tom and Jerry">
    <display-name lang="en">Tom and Jerry</display-name>
  </channel>
  <channel id="Trialer Park Boys">
    <display-name lang="en">Trailer Park Boys</display-name>
  </channel>
  <channel id="Two And A Half Men">
    <display-name lang="en">Two And A Half Men</display-name>
  </channel>
  <channel id="Two Broke Girls">
    <display-name lang="en">Two Broke Girls</display-name>
  </channel>
  <channel id="Two Middle">
    <display-name lang="en">The Middle</display-name>
  </channel>
  <channel id="Will And Grace">
    <display-name lang="en">Will And Grace</display-name>
  </channel>
  <channel id="X-Files">
    <display-name lang="en">X-Files</display-name>
  </channel>
  <channel id="BBC Radio 1">
    <display-name lang="en">BBC Radio 1</display-name>
  </channel>
  <channel id="BBC Radio 2">
    <display-name lang="en">BBC Radio 2</display-name>
  </channel>
  <channel id="BBC Radio 3">
    <display-name lang="en">BBC Radio 3</display-name>
  </channel>
  <channel id="BBC Radio 4">
    <display-name lang="en">BBC Radio 4</display-name>
  </channel>
  <channel id="BBC Five Live">
    <display-name lang="en">BBC Five Live</display-name>
  </channel>
  <channel id="TalkSport">
    <display-name lang="en">TalkSport</display-name>
  </channel>
  <channel id="Heart">
    <display-name lang="en">Heart</display-name>
  </channel>
  <channel id="Magic">
    <display-name lang="en">Magic</display-name>
  </channel>
  <channel id="XFM London">
    <display-name lang="en">XFM London</display-name>
  </channel>
  <channel id="Team Rock">
    <display-name lang="en">Team Rock</display-name>
  </channel>
  <channel id="Netflix">
    <display-name lang="en">Netflix</display-name>
  </channel>
  <channel id="Hulu">
    <display-name lang="en">Hulu</display-name>
  </channel>
</tv>