<?xml version="1.0" encoding="utf-8"?>
<window>    
    <allowoverlay>no</allowoverlay>
    <coordinates>
        <system>1</system>
        <posx>0</posx>
        <posy>0</posy>
    </coordinates>
   <defaultcontrol always="true">59</defaultcontrol>

    <controls>
         <control type="image">
            <description>Background Image</description>
            <posx>0</posx>
            <posy>0</posy>
            <width>1280</width>
            <height>720</height>
            <texture>lb_background.jpg</texture>
            <fadetime>500</fadetime>
        </control> 
		
        <control type="image">
            <posx>0</posx>
            <posy>0</posy>
            <width>1280</width>
            <height>720</height>                
            <fadetime>500</fadetime>					
            <texture>$INFO[ListItem.Property(Fanart)]</texture>
            <aspectratio>stretch</aspectratio>
        </control>
		
        <control type="image">
            <description>Floor Image</description>
            <posx>0</posx>
            <posy>100r</posy>
            <width>1280</width>
            <height>100</height>
            <texture>lb_floor.png</texture>
            <fadetime>250</fadetime>
        </control> 
		
        <control type="grouplist">
            <posx>65</posx>
            <posy>5</posy>
            <width>1000</width>
            <height>30</height>
            <orientation>horizontal</orientation>
            <align>left</align>
            <itemgap>5</itemgap>
            <control type="label">
                <textcolor>white</textcolor>
                <label>$INFO[Window(10000).Property(OTT_TOOLS_TITLE)]</label>
            </control>
        </control>
		
        <control type="label">
            <description>time label</description>
            <posx>20r</posx>
            <posy>5</posy>
            <width>200</width>
            <height>30</height>
            <align>right</align>
            <aligny>center</aligny>
            <font>font28_title</font>
            <textcolor>white</textcolor>
            <shadowcolor>black</shadowcolor>
            <label>$INFO[System.Time]</label>
            <animation effect="slide" start="0,0" end="-40,0" time="100" condition="Window.IsVisible(Mutebug)">conditional</animation>			
        </control>
		
        <control type="image">
            <posx>50</posx>
            <posy>60</posy>
            <width>1000</width>
            <height>600</height>
            <texture border="15">ott_ContentPanel.png</texture>
        </control>

        <control type="image">
            <posx>50</posx>
            <posy>1000</posy>
            <width>750</width>
            <height>64</height>
            <texture border="15">ott_ContentPanelMirror.png</texture>
        </control>
					
        <control type="list" id="59">
            <posx>70</posx>
            <posy>78</posy>
            <width>300</width>
            <height>561</height>
            <onleft>2</onleft>
            <onright>159</onright>
            <onup>59</onup>
            <ondown>59</ondown>
            <pagecontrol>159</pagecontrol>
            <scrolltime>200</scrolltime>

            <itemlayout height="40" width="580">
                <control type="image">
                    <posx>0</posx>
                    <posy>0</posy>
                    <width>580</width>
                    <height>41</height>
                    <texture border="0,2,0,2">ott_MenuItemNF.png</texture>
                </control>
                <control type="label">
            <posx>10</posx>
                        <posy>0</posy>
                        <width>660</width>
                        <height>40</height>
                        <font>font13</font>
                        <textcolor>white</textcolor>
                        <selectedcolor>selected</selectedcolor>
                        <align>left</align>
                        <aligny>center</aligny>
                        <label>$INFO[ListItem.Label]</label>
                </control>
            </itemlayout>

            <focusedlayout height="40" width="580">
                <control type="image">
                    <posx>0</posx>
                    <posy>0</posy>
                    <width>690</width>
                    <height>41</height>
                    <texture border="0,2,0,2">ott_MenuItemNF.png</texture>
                    <visible>!Control.HasFocus(59)</visible>
                </control>
                <control type="image">
                    <posx>0</posx>
                    <posy>0</posy>
                    <width>690</width>
                    <height>41</height>
                    <texture border="0,2,0,2">ott_MenuItemFO.png</texture>
                    <visible>Control.HasFocus(59)</visible>
                </control>
                <control type="label">
                    <posx>10</posx>
                    <posy>0</posy>
                    <width>660</width>
                    <height>40</height>
                    <font>font13</font>
                    <textcolor>white</textcolor>
                    <selectedcolor>selected</selectedcolor>
                    <align>left</align>
                    <aligny>center</aligny>
                    <label>$INFO[ListItem.Label]</label>
                </control>
            </focusedlayout>
        </control>

        <control type="list" id="58">
            <posx>700</posx>
            <posy>78</posy>
            <width>400</width>
            <height>561</height>
            <onleft>2</onleft>
            <onright>159</onright>
            <onup>59</onup>
            <ondown>59</ondown>
            <pagecontrol>159</pagecontrol>
            <scrolltime>200</scrolltime>

            <itemlayout height="40" width="580">
                <control type="image">
                    <posx>0</posx>
                    <posy>0</posy>
                    <width>690</width>
                    <height>41</height>
                    <texture border="0,2,0,2">ott_MenuItemNF.png</texture>
            	</control>
                <control type="label">
			<posx>10</posx>
                        <posy>0</posy>
                        <width>660</width>
                        <height>40</height>
                        <font>font13</font>
                        <textcolor>white</textcolor>
                        <selectedcolor>selected</selectedcolor>
                        <align>left</align>
                        <aligny>center</aligny>
                        <label>$INFO[ListItem.Label]</label>
                </control>
            </itemlayout>

            <focusedlayout height="40" width="580">
                <control type="image">
                    <posx>0</posx>
                    <posy>0</posy>
                    <width>690</width>
                    <height>41</height>
                    <texture border="0,2,0,2">ott_MenuItemNF.png</texture>
                    <visible>!Control.HasFocus(59)</visible>
                </control>
                <control type="image">
                    <posx>0</posx>
                    <posy>0</posy>
                    <width>690</width>
                    <height>41</height>
                    <texture border="0,2,0,2">ott_MenuItemFO.png</texture>
                    <visible>Control.HasFocus(59)</visible>
                </control>
                <control type="label">
                    <posx>10</posx>
                    <posy>0</posy>
                    <width>660</width>
                    <height>40</height>
                    <font>font13</font>
                    <textcolor>white</textcolor>
                    <selectedcolor>selected</selectedcolor>
                    <align>left</align>
                    <aligny>center</aligny>
                    <label>$INFO[ListItem.Label]</label>
                </control>
            </focusedlayout>
        </control>

        <control type="scrollbar" id="159">
            <posx>760</posx>
            <posy>85</posy>
            <width>25</width>
            <height>550</height>
            <texturesliderbackground border="0,14,0,14">ott_ScrollBarV.png</texturesliderbackground>
            <texturesliderbar border="0,14,0,14">ott_ScrollBarV_bar.png</texturesliderbar>
            <texturesliderbarfocus border="0,14,0,14">ott_ScrollBarV_bar_focus.png</texturesliderbarfocus>
            <textureslidernib>ott_ScrollBarNib.png</textureslidernib>
            <textureslidernibfocus>ott_ScrollBarNib.png</textureslidernibfocus>
            <onleft>59</onleft>
            <onright>3010</onright>
            <showonepage>false</showonepage>
            <orientation>vertical</orientation>
            <visible>Control.IsVisible(59)</visible>
        </control>
			
        <!-- <control type="group">
            <posx>850</posx>
            <posy>100</posy>
            <control type="image">
                <posx>0</posx>
                <posy>0</posy>
                <width>360</width>
                <height>540</height>
                <aspectratio aligny="bottom">keep</aspectratio>
                <fadetime>400</fadetime>
                <texture background="true">$INFO[ListItem.Icon]</texture>
                <bordertexture border="8">ott_ThumbShadow.png</bordertexture>
                <bordersize>8</bordersize>
            </control>
            <control type="image">
                <posx>8</posx>
                <posy>532</posy>
                <width>344</width>
                <height>524</height>
                <aspectratio aligny="top">keep</aspectratio>
                <fadetime>400</fadetime>
                <texture diffuse="ott_diffuse_mirror3.png" flipy="true" background="true">$INFO[ListItem.Icon]</texture>
            </control>
        </control> -->
    </controls>
</window>