<?xml version="1.0" encoding="UTF-8" standalone="yes"?>
<addon id="repository.Dixie-Deans-XBMC-Repo" name="Dixie-Deans-XBMC-Repo" version="1.0.1" provider-name="DixieDean">
	<extension point="xbmc.addon.repository" name="Dixie-Deans-XBMC-Repo-1.0.1">
		<info compressed="false">https://github.com/DixieDean/Dixie-Deans-XBMC-Repo/raw/master/addons.xml</info>
		<checksum>https://github.com/DixieDean/Dixie-Deans-XBMC-Repo/raw/master/addons.xml.md5</checksum>
		<datadir zip="true">https://github.com/DixieDean/Dixie-Deans-XBMC-Repo/raw/master/zips</datadir>
	</extension>
	<extension point="xbmc.addon.metadata">
		<summary>Install MY Addons</summary>
		<description>Download and install addons from DixieDean.......For OFFICIAL !! Support Visit http://xunitytalk.com/</description>
		<platform>all</platform>
	</extension>
</addon>

