<?xml version="1.0" encoding="utf-8"?>
<window>    
    <allowoverlay>no</allowoverlay>
    <coordinates>
        <system>1</system>
        <posx>0</posx>
        <posy>0</posy>
    </coordinates>
   <defaultcontrol always="true">59</defaultcontrol>
   <onload condition="Control.IsVisible(59)">Control.SetFocus(59,2)</onload> 
    <controls>
		<!-- Wallpaper -->
		<control type="image">
            <description>Background Image</description>
            <posx>0</posx>
            <posy>0</posy>
            <width>1280</width>
            <height>720</height>
            <texture>OTTV-Background.png</texture>
            <fadetime>500</fadetime>
		</control> 
		
		<!-- Video Window -->
		<control type="group">
			<description>TV Group</description>
			<posx>890</posx>
			<posy>-7</posy>				
			<control type="videowindow">
				<posx>-40</posx>
				<posy>107</posy>
				<width>320</width>
				<height>180</height>
				<aspectratio>stretch</aspectratio>
			</control>
		</control> 

		<!-- Homescreen Furniture -->
		<control type="image">
			<posx>0</posx>
			<posy>0</posy>
			<width>1280</width>
			<height>130</height>
			<texture>OTTV-Header.png</texture>
			<visible>true</visible>
		</control>
		<control type="image">
   			<description>Logo</description>
			<posx>60</posx>
			<posy>23</posy>
			<width>236</width>
			<height>45</height>
			<texture>OTTV-Logo.png</texture>
		</control>		
		<control type="image">
			<posx>310</posx>
			<posy>23</posy>
			<width>18</width>
			<height>39</height>
			<texture>OTTV-Text_Seperator.png</texture>
		</control>		
		<control type="image">
			<posx>330</posx>
			<posy>28</posy>
			<width>96</width>
			<height>30</height>
			<texture>OTTV-Text_Home.png</texture>
		</control>		
		<!--control type="image">
			<posx>330</posx>
			<posy>28</posy>
			<width>197</width>
			<height>38</height>
			<texture>OTTV-Text_TVCatchUp.png</texture>
			<animation type="WindowOpen">
				<effect type="fade" start="0" end="100" time="1000" tween="sine" easing="out" delay="3200"/>
			</animation>
			<animation type="WindowClose">
				<effect type="slide" start="0,0" end="0,-130" time="600" delay="200" />
			</animation>
		</control-->		
		<!--control type="image">
			<posx>330</posx>
			<posy>28</posy>
			<width>146</width>
			<height>31</height>
			<texture>OTTV-Text_Shortcuts.png</texture>
			<animation type="WindowOpen">
				<effect type="fade" start="0" end="100" time="1000" tween="sine" easing="out" delay="3200"/>
			</animation>
			<animation type="WindowClose">
				<effect type="slide" start="0,0" end="0,-130" time="600" delay="200" />
			</animation>
		</control-->		
		<!--control type="image">
			<posx>330</posx>
			<posy>28</posy>
			<width>119</width>
			<height>38</height>
			<texture>OTTV-Text_System.png</texture>
			<animation type="WindowOpen">
				<effect type="fade" start="0" end="100" time="1000" tween="sine" easing="out" delay="3200"/>
			</animation>
			<animation type="WindowClose">
				<effect type="slide" start="0,0" end="0,-130" time="600" delay="200" />
			</animation>
		</control-->	
		<!--control type="image">
			<posx>50</posx>
			<posy>262</posy>
			<width>1180</width>
			<height>50</height>
			<texture>OTTV-Divider_Top.png</texture>
			<animation effect="fade" start="0" end="100" time="100" delay="600" condition="Window.PreviousHome|Window.PreviousPrograms|Window.PreviousFavourites">WindowOpen</animation>
			<animation effect="fade" start="100" end="0" time="100" delay="600">WindowClose</animation>
		</control-->
		<!--control type="image">
			<posx>50</posx>
			<posy>684</posy>
			<width>1180</width>
			<height>50</height>
			<texture>OTTV-Divider_Bottom.png</texture>
			<animation effect="fade" start="0" end="100" time="100" delay="600" condition="Window.PreviousHome|Window.PreviousPrograms|Window.PreviousFavourites">WindowOpen</animation>
			<animation effect="fade" start="100" end="0" time="100" delay="600">WindowClose</animation>
		</control-->

		<!-- Date and Time -->
		<control type="label">
			<posx>1217</posx>
			<posy>11</posy>
		    <width>400</width>
		    <height>40</height>
		    <font>font20_title</font> 
			<shadowcolor>ff000000</shadowcolor>
			<textcolor>ffffffff</textcolor>
			<align>right</align>
		    <aligny>centre</aligny>
			<scroll>false</scroll>
			<label>$INFO[System.Date]</label>
		</control>
		<control type="label">
			<posx>1217</posx>
			<posy>31</posy>
		    <width>200</width>
		    <height>40</height>
		    <align>right</align>
		    <aligny>centre</aligny>
			<font>font28_title</font>
			<textcolor>ffffffff</textcolor>
			<shadowcolor>ff000000</shadowcolor>				
			<label>$INFO[System.Time]</label>
		</control>	

		<!-- Categories -->
		<control type="button" id="2000">
			<posx>109</posx>
			<posy>290</posy>
			<width>250</width>
			<height>28</height>
			<onright>2001</onright>
			<onleft>2003</onleft>
			<ondown>59</ondown>
			<texturefocus>OTTV-Button_Focus.png</texturefocus>
			<texturenofocus>ontapp-program-grey.png</texturenofocus>
			<label>Home Page Settings</label>
			<animation effect="zoom" start="106" end="100" time="150" tween="sine" easing="in" center="auto" >Focus</animation>
			<font>font13</font>
			<textcolor>FFFFFFFF</textcolor>
			<shadowcolor>ff000000</shadowcolor>	
			<align>center</align>
			<aligny>center</aligny>
            <!-- <animation effect="fade" start="0" end="100" center="auto" time="1100" delay="1200" condition="Window.Previous(Home)|Window.Previous(Programs)|Window.Previous(Favourites)">WindowOpen</animation>
            <animation effect="fade" start="100" end="0" time="300">WindowClose</animation> -->
		</control>

		<!-- Settings -->
		<control type="button" id="2001">
			<posx>379</posx>
			<posy>290</posy>
			<width>250</width>
			<height>28</height>
			<onright>2002</onright>
			<onleft>2000</onleft>
			<ondown>59</ondown>
			<texturefocus>OTTV-Button_Focus.png</texturefocus>
			<texturenofocus>ontapp-program-grey.png</texturenofocus>
			<label>TV Guide Settings</label>
			<animation effect="zoom" start="106" end="100" time="150" tween="sine" easing="in" center="auto" >Focus</animation>
			<font>font13</font>
			<textcolor>FFFFFFFF</textcolor>
			<shadowcolor>ff000000</shadowcolor>	
			<align>center</align>
			<aligny>center</aligny>
            <!-- <animation effect="fade" start="0" end="100" center="auto" time="1100" delay="1200" condition="Window.Previous(Home)|Window.Previous(Programs)|Window.Previous(Favourites)">WindowOpen</animation>
            <animation effect="fade" start="100" end="0" time="300">WindowClose</animation> -->
		</control>

		<!-- Tools -->
		<control type="button" id="2002">
			<posx>649</posx>
			<posy>290</posy>
			<width>250</width>
			<height>28</height>
			<onright>2003</onright>
			<onleft>2001</onleft>
			<ondown>59</ondown>
			<texturefocus>OTTV-Button_Focus.png</texturefocus>
			<texturenofocus>ontapp-program-grey.png</texturenofocus>
			<label>Tools</label>
			<animation effect="zoom" start="106" end="100" time="150" tween="sine" easing="in" center="auto" >Focus</animation>
			<font>font13</font>
			<textcolor>FFFFFFFF</textcolor>
			<shadowcolor>ff000000</shadowcolor>	
			<align>center</align>
			<aligny>center</aligny>
            <!-- <animation effect="fade" start="0" end="100" center="auto" time="1100" delay="1200" condition="Window.Previous(Home)|Window.Previous(Programs)|Window.Previous(Favourites)">WindowOpen</animation>
            <animation effect="fade" start="100" end="0" time="300">WindowClose</animation> -->
		</control>


		<!-- VPN -->
		<control type="button" id="2003">
			<posx>919</posx>
			<posy>290</posy>
			<width>250</width>
			<height>28</height>
			<onright>2000</onright>
			<onleft>2002</onleft>
			<ondown>59</ondown>
			<texturefocus>OTTV-Button_Focus.png</texturefocus>
			<texturenofocus>ontapp-program-grey.png</texturenofocus>
			<label>VPN</label>
			<animation effect="zoom" start="106" end="100" time="150" tween="sine" easing="in" center="auto" >Focus</animation>
			<font>font13</font>
			<textcolor>FFFFFFFF</textcolor>
			<shadowcolor>ff000000</shadowcolor>	
			<align>center</align>
			<aligny>center</aligny>
            <!-- <animation effect="fade" start="0" end="100" center="auto" time="1100" delay="1200" condition="Window.Previous(Home)|Window.Previous(Programs)|Window.Previous(Favourites)">WindowOpen</animation>
            <animation effect="fade" start="100" end="0" time="300">WindowClose</animation> -->
		</control>
			
		<!-- Panel -->
		<control type="panel" id="59">
			<posx>100</posx>
			<posy>315</posy>
			<width>1200</width>
			<height>400</height>
			<onleft>59</onleft>
			<onright>59</onright>
			<onup condition="Container.Position(0)">2000</onup>
			<onup condition="Container.Position(1)">2001</onup>
			<onup condition="Container.Position(2)">2002</onup>
			<onup condition="Container.Position(3)">2003</onup>
			<ondown>59</ondown>				
			<pagecontrol>159</pagecontrol>
			<scrolltime>200</scrolltime>
			<preloaditems>2</preloaditems>
			<itemlayout height="196" width="270">
				<control type="image">
					<posx>0</posx>
					<posy>8</posy>
					<width>270</width>
					<height>193</height>
					<texture>OTTV-Icon_Overlay.png</texture>
					<animation effect="fade" start="100" end="0" time="300">WindowClose</animation>
				</control>
				<control type="image">
					<posx>10</posx>
					<posy>13</posy>
					<width>250</width>
					<height>135</height>
					<aspectratio>scale</aspectratio>
					<texture>$INFO[Listitem.Icon]</texture>
					<animation effect="fade" start="100" end="0" time="300">WindowClose</animation>
				</control>
				<control type="image">
					<posx>17</posx>
					<posy>13</posy>
					<width>251</width>
					<height>140</height>
					<aspectratio>scale</aspectratio>
					<texture>OTTV-Gloss.png</texture>
					<animation effect="fade" start="100" end="0" time="300">WindowClose</animation>
				</control>
				<control type="label">
					<posx>11</posx>
					<posy>152</posy>
					<width>250</width>
					<height>25</height>
					<font>font13</font>
					<textcolor>ffffffff</textcolor>
					<shadowcolor>ff000000</shadowcolor>	
					<align>center</align>
					<info>ListItem.Label</info>
					<animation effect="fade" start="100" end="0" time="300">WindowClose</animation>
				</control>					
			</itemlayout>
			<focusedlayout height="196" width="270">
				<control type="image">
					<posx>0</posx>
					<posy>8</posy>
					<width>270</width>
					<height>193</height>
					<texture>OTTV-Icon_Overlay.png</texture>
					<animation effect="fade" start="100" end="0" time="300">WindowClose</animation>
				</control>
				<control type="image">
					<posx>11</posx>
					<posy>14</posy>
					<width>248</width>
					<height>134</height>
					<aspectratio>scale</aspectratio>
					<scrolltime tween="cubic" easing="inout">400</scrolltime>
           			<bordertexture border="4">OTTV-Icon_Focus.jpg</bordertexture>
					<bordersize>4</bordersize>
					<texture>$INFO[Listitem.Icon]</texture>
					<animation effect="zoom" start="108" end="101" time="150" tween="sine" easing="in" center="auto" >Focus</animation>
					<animation effect="fade" start="100" end="0" time="300">WindowClose</animation>
				</control>
				<control type="image">
					<posx>13</posx>
					<posy>14</posy>
					<width>256</width>
					<height>139</height>
					<aspectratio>scale</aspectratio>
					<texture>OTTV-Gloss.png</texture>
					<animation effect="zoom" start="108" end="101" time="150" tween="sine" easing="in" center="auto" >Focus</animation>
					<animation effect="fade" start="100" end="0" time="300">WindowClose</animation>
				</control>
				<control type="label">
					<posx>11</posx>
					<posy>152</posy>
					<width>250</width>
					<height>25</height>
					<font>font13</font>
					<textcolor>ffffffff</textcolor>
					<shadowcolor>ff000000</shadowcolor>	
					<align>center</align>
					<info>ListItem.Label</info>
					<animation effect="fade" start="100" end="0" time="300">WindowClose</animation>
				</control>					
			</focusedlayout>	
		</control>

		<!-- Scrollbar -->			
		<control type="scrollbar" id="159">
			<posx>1175</posx>
			<posy>320</posy>
			<width>25</width>
			<height>350</height>
			<texturesliderbackground border="0,14,0,14">OTTV-ScrollBarV.png</texturesliderbackground>
			<texturesliderbar border="0,14,0,14">OTTV-ScrollBarV_bar.png</texturesliderbar>
			<texturesliderbarfocus border="0,14,0,14">OTTV-ScrollBarV_bar_focus.png</texturesliderbarfocus>
			<textureslidernib>OTTV-ScrollBarNib.png</textureslidernib>
			<textureslidernibfocus>OTTV-ScrollBarNib.png</textureslidernibfocus>
			<animation effect="fade" start="0" end="100" time="200" tween="sine" easing="out" delay="600" condition="Window.Previous(Home)|Window.Previous(Programs)|Window.Previous(Favourites)">WindowOpen</animation>	
			<animation effect="fade" start="100" end="0" time="300">WindowClose</animation>
			<onleft>59</onleft>
			<onright>3010</onright>
			<showonepage>false</showonepage>
			<orientation>vertical</orientation>
			<visible>Control.IsVisible(59)</visible>
		</control>

		<!-- Thumbnail\Description Group -->
		<control type="group">
			<description>Thumbnail\Description Group</description>
			<posx>658</posx>
			<posy>-250</posy>     
			<control type="textbox">
				<description>Description Text</description>
				<posx>-547</posx>
				<posy>370</posy>
				<width>700</width>
				<height>146</height>
				<textcolor>ffffffff</textcolor>
				<shadowcolor>ff000000</shadowcolor>	
				<font>font13</font>
				<wrapmultiline>true</wrapmultiline>
				<autoscroll time="1200" delay="5000" repeat="5000">true</autoscroll>    
				<label>$INFO[ListItem.Property(Description)]</label>
				<animation effect="fade" start="0" end="100" time="200" tween="sine" easing="out" delay="600" condition="Window.Previous(Home)|Window.Previous(Programs)|Window.Previous(Favourites)">WindowOpen</animation>	
				<animation effect="fade" start="100" end="0" time="300">WindowClose</animation>
			</control>
		</control>
    </controls>
</window>
