<favourites>
	<favourite name="NFL Game Day" thumb="special://home/addons/plugin.video.ultimatemania/resources/nfl.png">ActivateWindow(10025,&quot;plugin://plugin.video.ultimatemania/?date&amp;description&amp;iconimage=special%3a%2f%2fhome%2faddons%2fplugin.video.ultimatemania%2fresources%2fnfl.png&amp;mode=2003&amp;name=%5bCOLOR%20mediumorchid%5d.NFL%20Game%20Day%5b%2fCOLOR%5d&amp;page&amp;play&amp;url=http%3a%2f%2fultimatemania.rocks%2fapisprotected%2fusa.php&amp;sf_options=meta%3Dlabel%253D%25255BCOLOR%252Bmediumorchid%25255D.NFL%252BGame%252BDay%25255B%25252FCOLOR%25255D%2526title%253D%25255BCOLOR%252Bmediumorchid%25255D.NFL%252BGame%252BDay%25255B%25252FCOLOR%25255D%26_options_sf&quot;,return)</favourite>
	<favourite name="NFL Zone" thumb="special://home/addons/plugin.video.ultimatemania/resources/32.png">ActivateWindow(10025,&quot;plugin://plugin.video.ultimatemania/?date&amp;description&amp;iconimage=special%3a%2f%2fhome%2faddons%2fplugin.video.ultimatemania%2fresources%2f32.png&amp;mode=4&amp;name=NFL&amp;page&amp;play&amp;url=32&amp;sf_options=meta%3Dlabel%253DNFL%2526title%253DNFL%26_options_sf&quot;,return)</favourite>
	<favourite name="NFL Game Day" thumb="special://home/addons/plugin.video.sportsnationhdtv/resources/nfl.png">ActivateWindow(10025,&quot;plugin://plugin.video.sportsnationhdtv/?date&amp;description&amp;iconimage=special%3a%2f%2fhome%2faddons%2fplugin.video.sportsnationhdtv%2fresources%2fnfl.png&amp;mode=2003&amp;name=%5bCOLOR%20orange%5d.NFL%20Game%20Day%5b%2fCOLOR%5d&amp;page&amp;play&amp;url=http%3a%2f%2fsportsnationhd.tv%2fapisprotected%2fusa.php&amp;sf_options=meta%3Dlabel%253D%25255BCOLOR%252Borange%25255D.NFL%252BGame%252BDay%25255B%25252FCOLOR%25255D%2526title%253D%25255BCOLOR%252Borange%25255D.NFL%252BGame%252BDay%25255B%25252FCOLOR%25255D%26_options_sf&quot;,return)</favourite>
	<favourite name="NFL" thumb="special://home/addons/plugin.video.sportsnationhdtv/resources/32.png">ActivateWindow(10025,&quot;plugin://plugin.video.sportsnationhdtv/?date&amp;description&amp;iconimage=special%3a%2f%2fhome%2faddons%2fplugin.video.sportsnationhdtv%2fresources%2f32.png&amp;mode=4&amp;name=NFL&amp;page&amp;play&amp;url=32&amp;sf_options=meta%3Dlabel%253DNFL%2526title%253DNFL%26_options_sf&quot;,return)</favourite>
</favourites>