<favourites>
	<favourite name="Match Day" thumb="special://home/addons/plugin.video.ultimatemania/resources/79.png">ActivateWindow(10025,&quot;plugin://plugin.video.ultimatemania/?date&amp;description&amp;iconimage=special%3a%2f%2fhome%2faddons%2fplugin.video.ultimatemania%2fresources%2f79.png&amp;mode=4&amp;name=Match%20Day&amp;page&amp;play&amp;url=79&amp;sf_options=meta%3Dlabel%253DMatch%252BDay%2526title%253DMatch%252BDay%26_options_sf&quot;,return)</favourite>
	<favourite name="English Premier League Football" thumb="special://home/addons/plugin.video.ultimatemania/resources/premiere.jpg">ActivateWindow(10025,&quot;plugin://plugin.video.ultimatemania/?date&amp;description&amp;iconimage=special%3a%2f%2fhome%2faddons%2fplugin.video.ultimatemania%2fresources%2fpremiere.jpg&amp;mode=4&amp;name=%5bCOLOR%20chartreuse%5d.English%20Premier%20League%20Football%203pm%20Kick%20Offs%5b%2fCOLOR%5d&amp;page&amp;play&amp;url=53&amp;sf_options=meta%3Dlabel%253D%25255BCOLOR%252Bchartreuse%25255D.English%252BPremier%252BLeague%252BFootball%252B3pm%252BKick%252BOffs%25255B%25252FCOLOR%25255D%2526title%253D%25255BCOLOR%252Bchartreuse%25255D.English%252BPremier%252BLeague%252BFootball%252B3pm%252BKick%252BOffs%25255B%25252FCOLOR%25255D%26_options_sf&quot;,return)</favourite>
	<favourite name="EPL Match Day Section 3 (Recommended)" thumb="special://home/addons/plugin.video.sportsnationhdtv/resources/epl1.png">ActivateWindow(10025,&quot;plugin://plugin.video.sportsnationhdtv/?date&amp;description&amp;iconimage=special%3a%2f%2fhome%2faddons%2fplugin.video.sportsnationhdtv%2fresources%2fepl1.png&amp;mode=2003&amp;name=%5bCOLOR%20chartreuse%5d.EPL%20Match%20Day%20Section%203%20(Recommended)%5b%2fCOLOR%5d&amp;page&amp;play&amp;url=http%3a%2f%2fsportsnationhd.tv%2fapisprotected%2fplp.php&amp;sf_options=meta%3Dlabel%253D%25255BCOLOR%252Bchartreuse%25255D.EPL%252BMatch%252BDay%252BSection%252B3%252B%252528Recommended%252529%25255B%25252FCOLOR%25255D%2526title%253D%25255BCOLOR%252Bchartreuse%25255D.EPL%252BMatch%252BDay%252BSection%252B3%252B%252528Recommended%252529%25255B%25252FCOLOR%25255D%26_options_sf&quot;,return)</favourite>
	<favourite name="EPL Match Day Section 1" thumb="special://home/addons/plugin.video.sportsnationhdtv/resources/epl1.png">ActivateWindow(10025,&quot;plugin://plugin.video.sportsnationhdtv/?date&amp;description&amp;iconimage=special%3a%2f%2fhome%2faddons%2fplugin.video.sportsnationhdtv%2fresources%2fepl1.png&amp;mode=4&amp;name=%5bCOLOR%20chartreuse%5d.EPL%20Match%20Day%20Section%201%5b%2fCOLOR%5d&amp;page&amp;play&amp;url=53&amp;sf_options=meta%3Dlabel%253D%25255BCOLOR%252Bchartreuse%25255D.EPL%252BMatch%252BDay%252BSection%252B1%25255B%25252FCOLOR%25255D%2526title%253D%25255BCOLOR%252Bchartreuse%25255D.EPL%252BMatch%252BDay%252BSection%252B1%25255B%25252FCOLOR%25255D%26_options_sf&quot;,return)</favourite>
	<favourite name="EPL Match Day Section 2" thumb="special://home/addons/plugin.video.sportsnationhdtv/resources/epl1.png">ActivateWindow(10025,&quot;plugin://plugin.video.sportsnationhdtv/?date&amp;description&amp;iconimage=special%3a%2f%2fhome%2faddons%2fplugin.video.sportsnationhdtv%2fresources%2fepl1.png&amp;mode=4&amp;name=%5bCOLOR%20chartreuse%5d.EPL%20Match%20Day%20Section%202%5b%2fCOLOR%5d&amp;page&amp;play&amp;url=79&amp;sf_options=meta%3Dlabel%253D%25255BCOLOR%252Bchartreuse%25255D.EPL%252BMatch%252BDay%252BSection%252B2%25255B%25252FCOLOR%25255D%2526title%253D%25255BCOLOR%252Bchartreuse%25255D.EPL%252BMatch%252BDay%252BSection%252B2%25255B%25252FCOLOR%25255D%26_options_sf&quot;,return)</favourite>
	<favourite name="[COLOR chartreuse].EPL Match Day Section 2 (Recommended)[/COLOR]" thumb="special://home/addons/plugin.video.sportsmania/resources/epl1.png">ActivateWindow(10025,&quot;plugin://plugin.video.sportsmania/?date&amp;description&amp;iconimage=special%3a%2f%2fhome%2faddons%2fplugin.video.sportsmania%2fresources%2fepl1.png&amp;mode=4&amp;name=%5bCOLOR%20chartreuse%5d.EPL%20Match%20Day%20Section%202%20(Recommended)%5b%2fCOLOR%5d&amp;page&amp;play&amp;url=79&amp;sf_options=meta%3Dlabel%253D%25255BCOLOR%252Bchartreuse%25255D.EPL%252BMatch%252BDay%252BSection%252B2%252B%252528Recommended%252529%25255B%25252FCOLOR%25255D%2526title%253D%25255BCOLOR%252Bchartreuse%25255D.EPL%252BMatch%252BDay%252BSection%252B2%252B%252528Recommended%252529%25255B%25252FCOLOR%25255D%26_options_sf&quot;,return)</favourite>
	<favourite name="[COLOR chartreuse].EPL Match Day Section 1[/COLOR]" thumb="special://home/addons/plugin.video.sportsmania/resources/epl1.png">ActivateWindow(10025,&quot;plugin://plugin.video.sportsmania/?date&amp;description&amp;iconimage=special%3a%2f%2fhome%2faddons%2fplugin.video.sportsmania%2fresources%2fepl1.png&amp;mode=4&amp;name=%5bCOLOR%20chartreuse%5d.EPL%20Match%20Day%20Section%201%5b%2fCOLOR%5d&amp;page&amp;play&amp;url=53&amp;sf_options=meta%3Dlabel%253D%25255BCOLOR%252Bchartreuse%25255D.EPL%252BMatch%252BDay%252BSection%252B1%25255B%25252FCOLOR%25255D%2526title%253D%25255BCOLOR%252Bchartreuse%25255D.EPL%252BMatch%252BDay%252BSection%252B1%25255B%25252FCOLOR%25255D%26_options_sf&quot;,return)</favourite>
</favourites>