﻿<fonts>
			<font>
				<name>osd1</name>
				<filename>LightCaps.ttf</filename>
				<size>22</size>
			</font>
			<font>
				<name>osd2</name>
				<filename>LightCaps.ttf</filename>
				<size>30</size>
			</font>
			<font>
				<name>rss</name>
				<filename>Ubuntu-R.ttf</filename>
				<size>22</size>
			</font>
			<font>
				<name>osdTitle</name>
				<filename>Ubuntu-L.ttf</filename>
				<size>32</size>
			</font>
			<font>
				<name>tvg_font10</name>
				<filename>Ubuntu-R.ttf</filename>
				<size>16</size>
			</font>
			<font>
				<name>tvg_font13</name>
				<filename>Ubuntu-R.ttf</filename>
				<size>22</size>
			</font>
			<font>
				<name>tvg_font14</name>
				<filename>Ubuntu-R.ttf</filename>
				<size>20</size>
			</font>
			<font>
				<name>tvg_special13</name>
				<filename>Ubuntu-R.ttf</filename>
				<size>20</size>
			</font>

</fonts>