<?xml version="1.0" encoding="utf-8"?>
<window type="dialog">
	<allowoverlay>no</allowoverlay>
	<defaultcontrol always="false">4000</defaultcontrol>
	<coordinates>
		<system>1</system>
		<posx>1000</posx>
		<posy>0</posy>
	</coordinates>
    <animation effect="slide" start="280,0" end="0,0" time="250">WindowOpen</animation>
    <animation effect="slide" start="0,0" end="280,0" time="250">WindowClose</animation>
    <controls>

        <control type="image">
            <posx>0</posx>
            <posy>0</posy>
            <width>280</width>
            <height>720</height>
            <texture>tvguide-glasspane.png</texture>
        </control>
        <control type="image">
            <posx>0</posx>
            <posy>0</posy>
            <width>280</width>
            <height>720</height>
            <texture>tvguide-glasspane.png</texture>
        </control>

        <control type="image" id="4100">
            <posx>20</posx>
            <posy>20</posy>
            <width>240</width>
            <height>80</height>
            <aspectratio>keep</aspectratio>
        </control>
        <control type="label" id="4101">
            <posx>20</posx>
            <posy>50</posy>
            <width>240</width>
            <height>50</height>
            <align>center</align>
            <aligny>center</aligny>
            <font>font15</font>
            <textcolor>ffffffff</textcolor>
        </control>

        <control type="button" id="4000">
            <posx>20</posx>
            <posy>120</posy>
            <width>240</width>
            <height>50</height>
            <texturefocus>tvguide-program-menu-focus.png</texturefocus>
            <texturenofocus>tvguide-program-grey.png</texturenofocus>
            <onup>4004</onup>
            <ondown>4002</ondown>
            <align>center</align>
            <aligny>center</aligny>
            <font>font15</font>
            <textcolor>ffffffff</textcolor>
        </control>

        <control type="button" id="4001">
            <posx>20</posx>
            <posy>330</posy>
            <width>240</width>
            <height>50</height>
            <texturefocus>tvguide-program-menu-focus.png</texturefocus>
            <texturenofocus>tvguide-program-grey.png</texturenofocus>
            <onup>4002</onup>
            <ondown>4005</ondown>
            <align>center</align>
            <aligny>center</aligny>
            <font>font15</font>
            <textcolor>ffffffff</textcolor>
            <label>$ADDON[script.tvguidedixie 30304]</label>
        </control>
        <control type="label">
            <posx>20</posx>
            <posy>310</posy>
            <width>240</width>
            <height>200</height>
            <align>center</align>
            <font>font13</font>
            <textcolor>ffffffff</textcolor>
            <label>$ADDON[script.tvguidedixie 30305]</label>
            <wrapmultiline>true</wrapmultiline>
        </control>

        <control type="label" id="4102">
            <posx>20</posx>
            <posy>190</posy>
            <width>240</width>
            <height>50</height>
            <align>center</align>
            <aligny>center</aligny>
            <font>font15</font>
            <textcolor>ffffffff</textcolor>
        </control>
        <control type="button" id="4002">
            <posx>20</posx>
            <posy>240</posy>
            <width>240</width>
            <height>50</height>
            <texturefocus>tvguide-program-menu-focus.png</texturefocus>
            <texturenofocus>tvguide-program-grey.png</texturenofocus>
            <onup>4000</onup>
            <ondown>4001</ondown>
            <align>center</align>
            <aligny>center</aligny>
            <font>font15</font>
            <textcolor>ffffffff</textcolor>
        </control>

        <control type="button" id="4003">
            <posx>20</posx>
            <posy>590</posy>
            <width>240</width>
            <height>50</height>
            <texturefocus>tvguide-program-menu-focus.png</texturefocus>
            <texturenofocus>tvguide-program-grey.png</texturenofocus>
            <onup>4005</onup>
            <ondown>4004</ondown>
            <align>center</align>
            <aligny>center</aligny>
            <font>font15</font>
            <textcolor>ffffffff</textcolor>
            <label>$ADDON[script.tvguidedixie 30307]</label>
        </control>
        <control type="button" id="4004">
            <posx>20</posx>
            <posy>650</posy>
            <width>240</width>
            <height>50</height>
            <texturefocus>tvguide-program-menu-focus.png</texturefocus>
            <texturenofocus>tvguide-program-grey.png</texturenofocus>
            <onup>4003</onup>
            <ondown>4000</ondown>
            <align>center</align>
            <aligny>center</aligny>
            <font>font15</font>
            <textcolor>ffffffff</textcolor>
            <label>$ADDON[script.tvguidedixie 30308]</label>
        </control>

        <control type="button" id="4005">
            <posx>20</posx>
            <posy>530</posy>
            <width>240</width>
            <height>50</height>
            <texturefocus>tvguide-program-menu-focus.png</texturefocus>
            <texturenofocus>tvguide-program-grey.png</texturenofocus>
            <onup>4001</onup>
            <ondown>4003</ondown>
            <align>center</align>
            <aligny>center</aligny>
            <font>font15</font>
            <textcolor>ffffffff</textcolor>
            <label>$ADDON[script.tvguidedixie 30309]</label>
        </control>


    </controls>
</window>
