<?xml version="1.0" encoding="utf-8"?>
<window type="dialog">
	<allowoverlay>no</allowoverlay>
	<defaultcontrol always="false">4000</defaultcontrol>
	<coordinates>
		<system>1</system>
		<posx>30</posx>
		<posy>11</posy>
	</coordinates>
				<animation effect="fade" start="0" end="100" time="500">WindowOpen</animation>
				<animation effect="fade" start="100" end="0" time="500">WindowClose</animation>
    <controls>
        <control type="image">
            <posx>-30</posx>
            <posy>-11</posy>
            <width>1280</width>
            <height>720</height>
            <texture>ontapp-fade.png</texture>
        </control>
		<control type="image">
			<posx>189</posx>
			<posy>122</posy>
			<width>821</width>
			<height>493</height>
			<texture>Wallpaper.jpg</texture>
		</control>
		<control type="image">
			<posx>179</posx>
			<posy>112</posy>
			<width>841</width>
			<height>513</height>
			<texture border="20">ontapp-menu.png</texture>
		</control>
		<control type="image">
			<posx>585</posx>
			<posy>174</posy>
			<width>380</width>
			<height>252</height>
			<texture>logo-back.png</texture>
		</control>
		<control type="image">
			<posx>780</posx>
			<posy>552</posy>
			<width>214</width>
			<height>43</height>
			<texture>ontapp-logo.png</texture>
		</control>
		<!-- ----------- Logo ----------- -->
        <control type="image" id="4100">
			<posx>627</posx>
			<posy>140</posy>
			<width>300</width>
			<height>300</height>
            <aspectratio>keep</aspectratio>
            <visible>[Control.HasFocus(4000) | Control.HasFocus(4001) | Control.HasFocus(4002)]</visible>
        </control>
		<!-- ----------- Title ----------- -->
        <control type="label" id="4101">
            <posx>604</posx>
            <posy>280</posy>
            <width>345</width>
            <height>30</height>
            <align>center</align>
            <aligny>center</aligny>
            <font>font14</font>
            <textcolor>ffffffff</textcolor>
			<visible>[Control.HasFocus(4000) | Control.HasFocus(4001) | Control.HasFocus(4002)]</visible>
        </control>
		<!-- ----------- Watch ----------- -->
        <control type="button" id="4000">
            <posx>240</posx>
            <posy>146</posy>
            <width>318</width>
            <height>30</height>
            <texturefocus>ontapp-program-menu-focus.png</texturefocus>
            <texturenofocus></texturenofocus>
            <onup>4004</onup>
            <ondown>4002</ondown>
            <align>left</align>
            <aligny>center</aligny>
            <font>font13</font>
            <textcolor>ffffffff</textcolor>		
        </control>
        <control type="textbox">
            <posx>604</posx>
            <posy>420</posy>
            <width>345</width>
            <height>180</height>
			<font>font13</font>
            <textcolor>ffffffff</textcolor>
            <label>Choose this option to watch the selected channel now.</label>
            <wrapmultiline>true</wrapmultiline>
            <visible>Control.HasFocus(4000)</visible>
        </control>
		<!-- ----------- Choose Stream ----------- -->
        <control type="button" id="4001">
            <posx>240</posx>
            <posy>206</posy>
            <width>318</width>
            <height>30</height>
            <texturefocus>ontapp-program-menu-focus.png</texturefocus>
            <texturenofocus></texturenofocus>
            <onup>4002</onup>
            <ondown>4007</ondown>
            <align>left</align>
            <aligny>center</aligny>
            <font>font13</font>
            <textcolor>ffffffff</textcolor>			
            <label>$ADDON[script.tvguidedixie 30304]</label>
        </control>
        <control type="label">
            <posx>240</posx>
            <posy>206</posy>
            <width>318</width>
            <height>30</height>
            <align>left</align>
            <font>font13</font>
            <textcolor>ffffffff</textcolor>			
            <label>$ADDON[script.tvguidedixie 30305]</label>
            <wrapmultiline>true</wrapmultiline>
        </control>
        <control type="textbox">
            <posx>604</posx>
            <posy>420</posy>
            <width>345</width>
            <height>180</height>
			<font>font13</font>
            <textcolor>ffffffff</textcolor>
            <label>Choose a .strm file, IPTV Playlist, add from Favourites or add from one of our many linked addons.</label>
            <wrapmultiline>true</wrapmultiline>
            <visible>[StringCompare(Control.GetLabel(4001),Choose Stream + Control.HasFocus(4001)]</visible>
        </control>
        <control type="textbox">
            <posx>604</posx>
            <posy>420</posy>
            <width>345</width>
            <height>180</height>
			<font>font13</font>
            <textcolor>ffffffff</textcolor>
            <label>Click here to remove the stream that is currently associated with this channel.</label>
            <wrapmultiline>true</wrapmultiline>
            <visible>[StringCompare(Control.GetLabel(4001),Remove Stream file + Control.HasFocus(4001)]</visible>
        </control>
		<!-- ----------- Remind Text ----------- -->
        <control type="label" id="4102">
            <posx>613</posx>
            <posy>353</posy>
            <width>323</width>
            <height>30</height>
            <align>center</align>
            <aligny>center</aligny>
            <font>font13</font>
            <textcolor>ffffc600</textcolor>
			<scroll>true</scroll>
            <visible>[Control.HasFocus(4000) | Control.HasFocus(4002)]</visible>
        </control>
		<!-- ----------- Remind ----------- -->
        <control type="button" id="4002">
            <posx>240</posx>
            <posy>176</posy>
            <width>318</width>
            <height>30</height>
            <texturefocus>ontapp-program-menu-focus.png</texturefocus>
            <texturenofocus></texturenofocus>
            <onup>4000</onup>
            <ondown>4001</ondown>
            <align>left</align>
            <aligny>center</aligny>
            <font>font13</font>
            <textcolor>ffffffff</textcolor>
        </control>
        <control type="textbox">
            <posx>604</posx>
            <posy>420</posy>
            <width>345</width>
            <height>180</height>
			<font>font13</font>
            <textcolor>ffffffff</textcolor>
            <label>Click here to set a Reminder. You will be notified when this programme is about to begin.</label>
            <wrapmultiline>true</wrapmultiline>
            <visible>[StringCompare(Control.GetLabel(4002),Remind + Control.HasFocus(4002)]</visible>
        </control>
        <control type="textbox">
            <posx>604</posx>
            <posy>420</posy>
            <width>345</width>
            <height>180</height>
			<font>font13</font>
            <textcolor>ffffffff</textcolor>
            <label>Click here to remove the Reminder for this programme.</label>
            <wrapmultiline>true</wrapmultiline>
            <visible>[StringCompare(Control.GetLabel(4002),Don't Remind + Control.HasFocus(4002)]</visible>
        </control>
				<!-- ----------- Settings ----------- -->
        <control type="button" id="4007">
            <posx>240</posx>
            <posy>236</posy>
            <width>318</width>
            <height>30</height>
            <texturefocus>ontapp-program-menu-focus.png</texturefocus>
            <texturenofocus></texturenofocus>
            <onup>4001</onup>
            <ondown>4014</ondown>
            <align>left</align>
            <aligny>center</aligny>
            <font>font13</font>
            <textcolor>ffffffff</textcolor>
            <label>$ADDON[script.tvguidedixie 30313]</label>
        </control>
        <control type="textbox">
            <posx>604</posx>
            <posy>420</posy>
            <width>345</width>
            <height>180</height>
			<font>font13</font>
            <textcolor>ffffffff</textcolor>
            <label>Open the OnTapp Settings Menu. [To change the skin background, replace the Wallpaper.jpg file with your own image]</label>
            <wrapmultiline>true</wrapmultiline>
            <visible>Control.HasFocus(4007)</visible>
        </control>
		<control type="image">
			<posx>599</posx>
			<posy>181</posy>
			<width>352</width>
			<height>223</height>
			<texture>Setting.png</texture>
            <visible>Control.HasFocus(4007)</visible>
		</control>
		<!-- ----------- On-Tapp.TV Tools  ----------- -->
        <control type="button" id="4014">
			<posx>240</posx>
			<posy>266</posy>
			<width>318</width>
			<height>30</height>
            <texturefocus>ontapp-program-menu-focus.png</texturefocus>
            <texturenofocus></texturenofocus>
            <onup>4007</onup>
            <ondown>4008</ondown>
            <align>left</align>
            <aligny>center</aligny>
            <font>font13</font>
            <textcolor>ffffffff</textcolor>
            <label>$ADDON[script.tvguidedixie 30320]</label>
        </control>
        <control type="textbox">
            <posx>604</posx>
            <posy>420</posy>
            <width>345</width>
            <height>180</height>
			<font>font13</font>
            <textcolor>ffffffff</textcolor>
            <label>Make your own EPG with On-Tapp.TV Tools.</label>
            <wrapmultiline>true</wrapmultiline>
            <visible>Control.HasFocus(4014)</visible>
        </control>
		<control type="image">
			<posx>599</posx>
			<posy>181</posy>
			<width>352</width>
			<height>223</height>
			<texture>Tools.png</texture>
            <visible>Control.HasFocus(4014)</visible>
		</control>
		<!-- ----------- iPlayer ----------- -->
		<control type="button" id="4008">
			<posx>240</posx>
            <posy>296</posy>
            <width>318</width>
            <height>30</height>
			<texturefocus>ontapp-program-menu-focus.png</texturefocus>
			<texturenofocus></texturenofocus>
			<onup>4014</onup>
			<ondown>4010</ondown>
			<align>left</align>
			<aligny>center</aligny>
			<font>font13</font>
			<textcolor>ffffffff</textcolor>
			<label>$ADDON[script.tvguidedixie 30314]</label>
		</control>
        <control type="textbox">
            <posx>604</posx>
            <posy>420</posy>
            <width>345</width>
            <height>180</height>
			<font>font13</font>
            <textcolor>ffffffff</textcolor>
            <label>Catch up on all your favourite shows from the BBC with the BBC iPlayer.</label>
            <wrapmultiline>true</wrapmultiline>
            <visible>Control.HasFocus(4008)</visible>
        </control>
		<control type="image">
			<posx>599</posx>
			<posy>181</posy>
			<width>352</width>
			<height>223</height>
			<texture>iplayer.png</texture>
            <visible>Control.HasFocus(4008)</visible>
		</control>
		<!-- ----------- ITV Player ----------- -->
        <control type="button" id="4010">
            <posx>240</posx>
            <posy>326</posy>
            <width>318</width>
            <height>30</height>
            <texturefocus>ontapp-program-menu-focus.png</texturefocus>
            <texturenofocus></texturenofocus>
            <onup>4008</onup>
            <ondown>4015</ondown>
            <align>left</align>
            <aligny>center</aligny>
            <font>font13</font>
            <textcolor>ffffffff</textcolor>
            <label>$ADDON[script.tvguidedixie 30316]</label>
        </control>
        <control type="textbox">
            <posx>604</posx>
            <posy>420</posy>
            <width>345</width>
            <height>180</height>
			<font>font13</font>
            <textcolor>ffffffff</textcolor>
            <label>Catch up on all your favourite shows from ITV with the ITV Player.</label>
            <wrapmultiline>true</wrapmultiline>
            <visible>Control.HasFocus(4010)</visible>
        </control>
		<control type="image">
			<posx>599</posx>
			<posy>181</posy>
			<width>352</width>
			<height>223</height>
			<texture>ITV.png</texture>
            <visible>Control.HasFocus(4010)</visible>
		</control>
		<!-- ----------- UKTV Play ----------- -->
        <control type="button" id="4015">
            <posx>240</posx>
            <posy>356</posy>
            <width>318</width>
            <height>30</height>
            <texturefocus>ontapp-program-menu-focus.png</texturefocus>
            <texturenofocus></texturenofocus>
            <onup>4010</onup>
            <ondown>4011</ondown>
            <align>left</align>
            <aligny>center</aligny>
            <font>font13</font>
            <textcolor>ffffffff</textcolor>
            <label>UKTV Play</label>
        </control>
        <control type="textbox">
            <posx>604</posx>
            <posy>420</posy>
            <width>345</width>
            <height>180</height>
			<font>font13</font>
            <textcolor>ffffffff</textcolor>
            <label>Catch up on all your favourite shows from Dave, Really, Yesterday & Drama with UKTV Play.</label>
            <wrapmultiline>true</wrapmultiline>
            <visible>Control.HasFocus(4015)</visible>
        </control>
		<control type="image">
			<posx>599</posx>
			<posy>181</posy>
			<width>352</width>
			<height>223</height>
			<texture>UKTVPlay.png</texture>
            <visible>Control.HasFocus(4015)</visible>
		</control>
		<!-- ----------- My Recordings ----------- -->
        <control type="button" id="4011">
            <posx>240</posx>
            <posy>386</posy>
            <width>318</width>
            <height>30</height>
            <texturefocus>ontapp-program-menu-focus.png</texturefocus>
            <texturenofocus></texturenofocus>
            <onup>4015</onup>
            <ondown>4009</ondown>
            <align>left</align>
            <aligny>center</aligny>
            <font>font13</font>
            <textcolor>ffffffff</textcolor>
            <label>$ADDON[script.tvguidedixie 30319]</label>
        </control>
        <control type="textbox">
            <posx>604</posx>
            <posy>420</posy>
            <width>345</width>
            <height>180</height>
			<font>font13</font>
            <textcolor>ffffffff</textcolor>
            <label>Click here to access your previously recorded content.</label>
            <wrapmultiline>true</wrapmultiline>
            <visible>Control.HasFocus(4011)</visible>
        </control>
		<control type="image">
			<posx>599</posx>
			<posy>181</posy>
			<width>352</width>
			<height>223</height>
			<texture>Recordings.png</texture>
            <visible>Control.HasFocus(4011)</visible>
		</control>
		<!-- ----------- SuperSearch ----------- -->
        <control type="button" id="4009">
            <posx>240</posx>
            <posy>416</posy>
            <width>318</width>
            <height>30</height>
            <texturefocus>ontapp-program-menu-focus.png</texturefocus>
            <texturenofocus></texturenofocus>
            <onup>4011</onup>
            <ondown>4012</ondown>
            <align>left</align>
            <aligny>center</aligny>
            <font>font13</font>
            <textcolor>ffffffff</textcolor>
            <label>$ADDON[script.tvguidedixie 30315]</label>
        </control>
        <control type="textbox">
            <posx>604</posx>
            <posy>420</posy>
            <width>345</width>
            <height>180</height>
			<font>font13</font>
            <textcolor>ffffffff</textcolor>
            <label>Search XBMC using Super Search from Super Favourites.</label>
            <wrapmultiline>true</wrapmultiline>
            <visible>Control.HasFocus(4009)</visible>
        </control>
		<control type="image">
			<posx>599</posx>
			<posy>181</posy>
			<width>352</width>
			<height>223</height>
			<texture>iSearch.png</texture>
            <visible>Control.HasFocus(4009)</visible>
		</control>
		<!-- ----------- Super Favourites ----------- -->
        <control type="button" id="4012">
            <posx>240</posx>
            <posy>446</posy>
            <width>318</width>
            <height>30</height>
            <texturefocus>ontapp-program-menu-focus.png</texturefocus>
            <texturenofocus></texturenofocus>
            <onup>4009</onup>
            <ondown>4013</ondown>
            <align>left</align>
            <aligny>center</aligny>
            <font>font13</font>
            <textcolor>ffffffff</textcolor>
            <label>$ADDON[script.tvguidedixie 30317]</label>
        </control>
        <control type="textbox">
            <posx>604</posx>
            <posy>420</posy>
            <width>345</width>
            <height>180</height>
			<font>font13</font>
            <textcolor>ffffffff</textcolor>
            <label>Make-Your-Own Addon with Super Favourites.</label>
            <wrapmultiline>true</wrapmultiline>
            <visible>Control.HasFocus(4012)</visible>
        </control>
		<control type="image">
			<posx>599</posx>
			<posy>181</posy>
			<width>352</width>
			<height>223</height>
			<texture>iOrganise.png</texture>
            <visible>Control.HasFocus(4012)</visible>
		</control>
		<!-- ----------- VPN ----------- -->
        <control type="button" id="4013">
            <posx>240</posx>
            <posy>476</posy>
            <width>318</width>
            <height>30</height>
            <texturefocus>ontapp-program-menu-focus.png</texturefocus>
            <texturenofocus></texturenofocus>
            <onup>4012</onup>
            <ondown>4005</ondown>
            <align>left</align>
            <aligny>center</aligny>
            <font>font13</font>
            <textcolor>ffffffff</textcolor>
            <label>$ADDON[script.tvguidedixie 30318]</label>
        </control>
        <control type="textbox">
            <posx>604</posx>
            <posy>420</posy>
            <width>345</width>
            <height>180</height>
			<font>font13</font>
            <textcolor>ffffffff</textcolor>
            <label>Select this option to access your Virtual Private Network.</label>
            <wrapmultiline>true</wrapmultiline>
            <visible>Control.HasFocus(4013)</visible>
        </control>
		<control type="image">
			<posx>599</posx>
			<posy>181</posy>
			<width>352</width>
			<height>223</height>
			<texture>VPN.png</texture>
            <visible>Control.HasFocus(4013)</visible>
		</control>
		<!-- ----------- Categories ----------- -->
        <control type="button" id="4005">
            <posx>240</posx>
            <posy>506</posy>
            <width>318</width>
            <height>30</height>
            <texturefocus>ontapp-program-menu-focus.png</texturefocus>
            <texturenofocus></texturenofocus>
            <onup>4013</onup>
            <ondown>4003</ondown>
            <align>left</align>
            <aligny>center</aligny>
            <font>font13</font>
            <textcolor>ffffffff</textcolor>			
            <label>$ADDON[script.tvguidedixie 30309]</label>
        </control>
        <control type="textbox">
            <posx>604</posx>
            <posy>420</posy>
            <width>345</width>
            <height>180</height>
			<font>font13</font>
            <textcolor>ffffffff</textcolor>
            <label>Choose to view a Category from the list. Options include North America, Movies, Sports, International and many more.</label>
            <wrapmultiline>true</wrapmultiline>
            <visible>Control.HasFocus(4005)</visible>
        </control>
		<control type="image">
			<posx>599</posx>
			<posy>181</posy>
			<width>352</width>
			<height>223</height>
			<texture>Categories.png</texture>
            <visible>Control.HasFocus(4005)</visible>
		</control>
		<!-- ----------- Channels ----------- -->
        <control type="button" id="4003">
            <posx>240</posx>
            <posy>536</posy>
            <width>318</width>
            <height>30</height>
            <texturefocus>ontapp-program-menu-focus.png</texturefocus>
            <texturenofocus></texturenofocus>
            <onup>4005</onup>
            <ondown>4004</ondown>
            <align>left</align>
            <aligny>center</aligny>
            <font>font13</font>
            <textcolor>ffffffff</textcolor>
            <label>$ADDON[script.tvguidedixie 30307]</label>
        </control>
        <control type="textbox">
            <posx>604</posx>
            <posy>420</posy>
            <width>345</width>
            <height>180</height>
			<font>font13</font>
            <textcolor>ffffffff</textcolor>
            <label>Use this option to hide and re-arrange channels to create your own custom channel list.</label>
            <wrapmultiline>true</wrapmultiline>
            <visible>Control.HasFocus(4003)</visible>
        </control>
		<control type="image">
			<posx>599</posx>
			<posy>181</posy>
			<width>352</width>
			<height>223</height>
			<texture>Channels.png</texture>
            <visible>Control.HasFocus(4003)</visible>
		</control>
		<!-- ----------- Close Menu ----------- -->
        <control type="button" id="4004">
            <posx>240</posx>
            <posy>566</posy>
            <width>318</width>
            <height>30</height>
            <texturefocus>ontapp-program-menu-focus.png</texturefocus>
            <texturenofocus></texturenofocus>
            <onup>4003</onup>
            <ondown>4000</ondown>
            <align>left</align>
            <aligny>center</aligny>
            <font>font13</font>
            <textcolor>ffffffff</textcolor>			
            <label>$ADDON[script.tvguidedixie 30308]</label>
        </control>
        <control type="textbox">
            <posx>604</posx>
            <posy>420</posy>
            <width>345</width>
            <height>180</height>
			<font>font13</font>
            <textcolor>ffffffff</textcolor>
            <label>Close this menu and return to the EPG.</label>
            <wrapmultiline>true</wrapmultiline>
            <visible>Control.HasFocus(4004)</visible>
        </control>
		<control type="image">
			<posx>599</posx>
			<posy>181</posy>
			<width>352</width>
			<height>223</height>
			<texture>Close.png</texture>
            <visible>Control.HasFocus(4004)</visible>
		</control>
    </controls>
</window>
