<favourites>
	<favourite name="NBA Live Games" thumb="special://home/addons/plugin.video.ultimatemania/resources/nba.png">ActivateWindow(10025,&quot;plugin://plugin.video.ultimatemania/?date&amp;description&amp;iconimage=special%3a%2f%2fhome%2faddons%2fplugin.video.ultimatemania%2fresources%2fnba.png&amp;mode=2003&amp;name=%5bCOLOR%20navajowhite%5d.NBA%20Live%20Games%5b%2fCOLOR%5d&amp;page&amp;play&amp;url=http%3a%2f%2fultimatemania.rocks%2fapisprotected%2fnba.php&amp;sf_options=meta%3Dlabel%253D%25255BCOLOR%252Bnavajowhite%25255D.NBA%252BLive%252BGames%25255B%25252FCOLOR%25255D%2526title%253D%25255BCOLOR%252Bnavajowhite%25255D.NBA%252BLive%252BGames%25255B%25252FCOLOR%25255D%26_options_sf&quot;,return)</favourite>
	<favourite name="NBA Zone" thumb="special://home/addons/plugin.video.ultimatemania/resources/50.png">ActivateWindow(10025,&quot;plugin://plugin.video.ultimatemania/?date&amp;description&amp;iconimage=special%3a%2f%2fhome%2faddons%2fplugin.video.ultimatemania%2fresources%2f50.png&amp;mode=4&amp;name=NBA&amp;page&amp;play&amp;url=50&amp;sf_options=meta%3Dlabel%253DNBA%2526title%253DNBA%26_options_sf&quot;,return)</favourite>
	<favourite name="NBA Live Games" thumb="special://home/addons/plugin.video.sportsnationhdtv/resources/nba.png">ActivateWindow(10025,&quot;plugin://plugin.video.sportsnationhdtv/?date&amp;description&amp;iconimage=special%3a%2f%2fhome%2faddons%2fplugin.video.sportsnationhdtv%2fresources%2fnba.png&amp;mode=2003&amp;name=%5bCOLOR%20navajowhite%5d.NBA%20Live%20Games%5b%2fCOLOR%5d&amp;page&amp;play&amp;url=http%3a%2f%2fsportsnationhd.tv%2fapisprotected%2fnba.php&amp;sf_options=meta%3Dlabel%253D%25255BCOLOR%252Bnavajowhite%25255D.NBA%252BLive%252BGames%25255B%25252FCOLOR%25255D%2526title%253D%25255BCOLOR%252Bnavajowhite%25255D.NBA%252BLive%252BGames%25255B%25252FCOLOR%25255D%26_options_sf&quot;,return)</favourite>
	<favourite name="NBA" thumb="special://home/addons/plugin.video.sportsnationhdtv/resources/50.png">ActivateWindow(10025,&quot;plugin://plugin.video.sportsnationhdtv/?date&amp;description&amp;iconimage=special%3a%2f%2fhome%2faddons%2fplugin.video.sportsnationhdtv%2fresources%2f50.png&amp;mode=4&amp;name=NBA&amp;page&amp;play&amp;url=50&amp;sf_options=meta%3Dlabel%253DNBA%2526title%253DNBA%26_options_sf&quot;,return)</favourite>
</favourites>