<favourites>
	<favourite name="BoxNation | HD (Not 24/7, Live Events Only)" thumb="http://xunitytalk.com/stvb/4192.png">PlayMedia(&quot;plugin://plugin.video.ultimatemania/?url=4192&amp;mode=2&amp;name=Boxnation+HD+Backup+%28Events+Only%29&amp;iconimage=http%3A%2F%2Fxunitytalk.com%2Fstvb%2F4192.png&amp;play=False&amp;date=&amp;description=&amp;page=&amp;sf_options=meta%3Dlabel%253DBoxnation%252BHD%252BBackup%252B%252528Events%252BOnly%252529%2526title%253DBoxnation%252BHD%252BBackup%252B%252528Events%252BOnly%252529%26winID%3D10001%26_options_sf&quot;)</favourite>
	<favourite name="BoxNation | HD Backup (Not 24/7, Live Events Only)" thumb="http://xunitytalk.com/stvb/928.png">PlayMedia(&quot;plugin://plugin.video.ultimatemania/?url=928&amp;mode=2&amp;name=Boxnation+HD+%28Events+Only%29+HD&amp;iconimage=http%3A%2F%2Fxunitytalk.com%2Fstvb%2F928.png&amp;play=False&amp;date=&amp;description=&amp;page=&amp;sf_options=meta%3Dlabel%253DBoxnation%252BHD%252B%252528Events%252BOnly%252529%252BHD%2526title%253DBoxnation%252BHD%252B%252528Events%252BOnly%252529%252BHD%26winID%3D10001%26_options_sf&quot;)</favourite>
	<favourite name="BoxNation | SD" thumb="http://xunitytalk.com/stvb/132.png">PlayMedia(&quot;plugin://plugin.video.ultimatemania/?url=132&amp;mode=2&amp;name=Box+Nation&amp;iconimage=http%3A%2F%2Fxunitytalk.com%2Fstvb%2F132.png&amp;play=False&amp;date=&amp;description=&amp;page=&amp;sf_options=winID%3D10001%26_options_sf&quot;)</favourite>
	<favourite name="BoxNation | SD Backup" thumb="http://xunitytalk.com/stvb/839.png">PlayMedia(&quot;plugin://plugin.video.ultimatemania/?url=839&amp;mode=2&amp;name=Box+Nation+SD+Backup&amp;iconimage=http%3A%2F%2Fxunitytalk.com%2Fstvb%2F839.png&amp;play=False&amp;date=&amp;description=&amp;page=&amp;sf_options=winID%3D10001%26_options_sf&quot;)</favourite>
</favourites>