<favourites>
	<favourite name="Sky Sports 1 | HQS" thumb="http://xunitytalk.com/stvb/4062.png">PlayMedia(&quot;plugin://plugin.video.ultimatemania/?url=4062&amp;mode=2&amp;name=Sky+Sports+1+HQS&amp;iconimage=http%3A%2F%2Fxunitytalk.com%2Fstvb%2F4062.png&amp;play=False&amp;date=&amp;description=&amp;page=&amp;sf_options=winID%3D10001%26_options_sf&quot;)</favourite>
	<favourite name="Sky Sports 1 | HDS" thumb="http://xunitytalk.com/stvb/3459.png">PlayMedia(&quot;plugin://plugin.video.ultimatemania/?url=3459&amp;mode=2&amp;name=Sky+Sports+1+HDS&amp;iconimage=http%3A%2F%2Fxunitytalk.com%2Fstvb%2F3459.png&amp;play=False&amp;date=&amp;description=&amp;page=&amp;sf_options=winID%3D10001%26_options_sf&quot;)</favourite>
	<favourite name="Sky Sports 1 | HD" thumb="http://xunitytalk.com/stvb/996.png">PlayMedia(&quot;plugin://plugin.video.ultimatemania/?url=996&amp;mode=2&amp;name=Sky+Sports+1+HD&amp;iconimage=http%3A%2F%2Fxunitytalk.com%2Fstvb%2F996.png&amp;play=False&amp;date=&amp;description=&amp;page=&amp;sf_options=winID%3D10001%26_options_sf&quot;)</favourite>
	<favourite name="Sky Sports 1 | HD Backup" thumb="http://xunitytalk.com/stvb/831.png">PlayMedia(&quot;plugin://plugin.video.ultimatemania/?url=831&amp;mode=2&amp;name=Sky+Sports+1+HD+Backup&amp;iconimage=http%3A%2F%2Fxunitytalk.com%2Fstvb%2F831.png&amp;play=False&amp;date=&amp;description=&amp;page=&amp;sf_options=winID%3D10001%26_options_sf&quot;)</favourite>
	<favourite name="Sky Sports 1 | SD" thumb="http://xunitytalk.com/stvb/916.png">PlayMedia(&quot;plugin://plugin.video.ultimatemania/?url=916&amp;mode=2&amp;name=Sky+Sports+1+SD&amp;iconimage=http%3A%2F%2Fxunitytalk.com%2Fstvb%2F916.png&amp;play=False&amp;date=&amp;description=&amp;page=&amp;sf_options=winID%3D10001%26_options_sf&quot;)</favourite>
	<favourite name="Sky Sports 1 | SD Backup" thumb="http://xunitytalk.com/stvb/1032.png">PlayMedia(&quot;plugin://plugin.video.ultimatemania/?url=1032&amp;mode=2&amp;name=Sky+Sports+1+SD+Backup&amp;iconimage=http%3A%2F%2Fxunitytalk.com%2Fstvb%2F1032.png&amp;play=False&amp;date=&amp;description=&amp;page=&amp;sf_options=winID%3D10001%26_options_sf&quot;)</favourite>
</favourites>