<?xml version="1.0" encoding="UTF-8" standalone="yes"?>
<addon id="script.tvguidedixie.tools" name="On-Tapp.TV Tools" version="1.2.0" provider-name="spoyser, DixieDean">
  <requires>
    <import addon="xbmc.python" version="2.1.0"/>
    <import addon="script.module.requests" version="2.3.0"/>
    
  </requires>
  <extension point="xbmc.python.pluginsource" library="default.py">
        <provides>video audio executable</provides>
  </extension>
  <extension point="xbmc.addon.metadata">
    <summary lang="en">Tools for use with OnTapp.TV</summary>
    <description lang="en">Tools for use with OnTapp.TV</description>
    <platform>all</platform>
    <language>en</language>
    <license>GNU GENERAL PUBLIC LICENSE. Version 2, June 1991</license>
    <forum></forum>
    <website></website>
    <source></source>
    <email></email>
  </extension>
</addon>