<?xml version="1.0" encoding="utf-8"?>
<window>    
    <allowoverlay>no</allowoverlay>
    <coordinates>
        <system>1</system>
        <posx>0</posx>
        <posy>0</posy>
    </coordinates>
   <defaultcontrol always="true">3000</defaultcontrol>

    <controls>
	<!-- Wallpaper -->
		<control type="image">
            <description>Background Image</description>
            <posx>0</posx>
            <posy>0</posy>
            <width>1280</width>
            <height>720</height>
            <texture>OTTV-Background.png</texture>
            <fadetime>500</fadetime>
		</control> 

		<control type="image">
			<posx>108</posx>
			<posy>156</posy>
			<width>522</width>
			<height>293</height>
			<texture>GVAx-Fanart.jpg</texture>
				<animation effect="fade" start="0" end="100" time="1000" delay="300">WindowOpen</animation>
				<animation effect="fade" start="100" end="0" time="100">WindowClose</animation>
			<visible>!Player.HasVideo</visible>
		</control>	
		
	<!-- Video Window -->
		<control type="group">
			<description>TV Group</description>
			<posx>108</posx>
			<posy>156</posy>				
			<control type="videowindow">
				<posx>0</posx>
				<posy></posy>
				<width>522</width>
				<height>293</height>
				<aspectratio>stretch</aspectratio>
				<animation effect="fade" start="0" end="100" time="1000" delay="800">WindowOpen</animation>
				<animation effect="fade" start="100" end="0" time="100">WindowClose</animation>
			</control>
		</control> 

	<!-- Homescreen Furniture -->
		<control type="image">
			<posx>0</posx>
			<posy>0</posy>
			<width>1280</width>
			<height>130</height>
			<texture>OTTV-Header.png</texture>
			<visible>true</visible>
			<animation effect="slide" start="0,-130" end="0,0" time="600" delay="700">WindowOpen</animation>	
			<animation effect="slide" start="0,0" end="0,-130" time="600" delay="200">WindowClose</animation>	
		</control>
		<control type="image">
   			<description>Logo</description>
			<posx>107</posx>
			<posy>15</posy>
			<width>163</width>
			<height>50</height>
			<texture>GVAx-Logo.png</texture>
			<animation effect="slide" start="0,-130" end="0,0" time="600" delay="700">WindowOpen</animation>	
			<animation effect="slide" start="0,0" end="0,-130" time="600" delay="200">WindowClose</animation>	
		</control>		
		<control type="image">
			<posx>291</posx>
			<posy>23</posy>
			<width>18</width>
			<height>39</height>
			<texture>OTTV-Text_Seperator.png</texture>
			<animation effect="slide" start="0,-130" end="0,0" time="600" delay="700">WindowOpen</animation>	
			<animation effect="slide" start="0,0" end="0,-130" time="600" delay="200">WindowClose</animation>	
		</control>		
		<control type="image">
			<posx>311</posx>
			<posy>28</posy>
			<width>96</width>
			<height>30</height>
			<texture>OTTV-Text_Home.png</texture>
			<animation effect="slide" start="0,-130" end="0,0" time="600" delay="700">WindowOpen</animation>	
			<animation effect="slide" start="0,0" end="0,-130" time="600" delay="200">WindowClose</animation>	
		</control>		
		<control type="image">
			<posx>880</posx>
			<posy>46</posy>
			<width>100</width>
			<height>20</height>
			<texture>Powered_By.png</texture>
			<animation effect="slide" start="0,-130" end="0,0" time="600" delay="700">WindowOpen</animation>	
			<animation effect="slide" start="0,0" end="0,-130" time="600" delay="200">WindowClose</animation>	
		</control>		
		<control type="image">
			<posx>985</posx>
			<posy>46</posy>
			<width>110</width>
			<height>21</height>
			<texture>OTTV-Logo.png</texture>
			<animation effect="slide" start="0,-130" end="0,0" time="600" delay="700">WindowOpen</animation>	
			<animation effect="slide" start="0,0" end="0,-130" time="600" delay="200">WindowClose</animation>	
		</control>	
	<!-- Date and Time -->
		<control type="label">
			<posx>1217</posx>
			<posy>11</posy>
		    <width>200</width>
		    <height>40</height>
		    <font>FontSize_20</font> 
			<shadowcolor>ff000000</shadowcolor>
			<textcolor>ffffffff</textcolor>
			<align>right</align>
		    <aligny>centre</aligny>
			<scroll>false</scroll>
			<label>$INFO[System.Date]</label>
			<!--animation effect="fade" start="0" end="100" time="1000" delay="3200">WindowOpen</animation-->
			<animation effect="slide" start="0,-130" end="0,0" time="600" delay="700">WindowOpen</animation>	
			<animation effect="slide" start="0,0" end="0,-130" time="600" delay="200">WindowClose</animation>				
		</control>
		<control type="label">
			<posx>1217</posx>
			<posy>34</posy>
		    <width>200</width>
		    <height>40</height>
		    <align>right</align>
		    <aligny>centre</aligny>
			<font>FontSize_24</font>
			<textcolor>ffffffff</textcolor>
			<shadowcolor>ff000000</shadowcolor>				
			<label>$INFO[System.Time]</label>
			<!--animation effect="fade" start="0" end="100" time="1000" delay="3200">WindowOpen</animation-->
			<animation effect="slide" start="0,-130" end="0,0" time="600" delay="700">WindowOpen</animation>	
			<animation effect="slide" start="0,0" end="0,-130" time="600" delay="200">WindowClose</animation>	
		</control>	
	<!-- Buttons -->

		<!-- Add Movies & Shows -->
		<control type="button" id="3004">
			<posx>108</posx>
			<posy>113</posy>
			<width>522</width>
			<height>35</height>
			<onright>2001</onright>
			<onleft>2003</onleft>
			<ondown>3000</ondown>
			<onup>3003</onup>
			<texturefocus>OTTV-Button_Focus_Wide.png</texturefocus>
			<texturenofocus>ontapp-program-grey.png</texturenofocus>
			<label>Add Movies & Shows</label>
			<animation effect="zoom" start="106" end="100" time="150" tween="sine" easing="in" center="auto" >Focus</animation>
			<font>FontSize_22</font>
			<textcolor>FFFFFFFF</textcolor>
			<shadowcolor>ff000000</shadowcolor>	
			<align>center</align>
			<aligny>center</aligny>
			<animation type="WindowOpen">
				<effect type="fade" start="0" end="100" center="auto" time="1100" delay="300"/>
			</animation>
			<animation type="WindowClose">
				<effect type="fade" start="100" end="0" time="100"/>
			</animation>
		</control>

		<!-- Settings -->
		<control type="button" id="2001">
			<posx>649</posx>
			<posy>113</posy>
			<width>250</width>
			<height>35</height>
			<onright>2003</onright>
			<onleft>3004</onleft>
			<ondown>3001</ondown>
			<onup>3006</onup>
			<texturefocus>OTTV-Button_Focus_Small.png</texturefocus>
			<texturenofocus>ontapp-program-grey.png</texturenofocus>
			<label>Settings</label>
			<animation effect="zoom" start="106" end="100" time="150" tween="sine" easing="in" center="auto" >Focus</animation>
			<font>FontSize_22</font>
			<textcolor>FFFFFFFF</textcolor>
			<shadowcolor>ff000000</shadowcolor>	
			<align>center</align>
			<aligny>center</aligny>
			<animation type="WindowOpen">
				<effect type="fade" start="0" end="100" center="auto" time="1100" delay="300"/>
			</animation>
			<animation type="WindowClose">
				<effect type="fade" start="100" end="0" time="100"/>
			</animation>
		</control>

		<!-- VPN -->
		<control type="button" id="2003">
			<posx>920</posx>
			<posy>113</posy>
			<width>250</width>
			<height>35</height>
			<onright>3004</onright>
			<onleft>2001</onleft>
			<ondown>3002</ondown>
			<onup>3007</onup>
			<texturefocus>OTTV-Button_Focus_Small.png</texturefocus>
			<texturenofocus>ontapp-program-grey.png</texturenofocus>
			<label>VPN</label>
			<animation effect="zoom" start="106" end="100" time="150" tween="sine" easing="in" center="auto" >Focus</animation>
			<font>FontSize_22</font>
			<textcolor>FFFFFFFF</textcolor>
			<shadowcolor>ff000000</shadowcolor>	
			<align>center</align>
			<aligny>center</aligny>
			<animation type="WindowOpen">
				<effect type="fade" start="0" end="100" center="auto" time="1100" delay="300"/>
			</animation>
			<animation type="WindowClose">
				<effect type="fade" start="100" end="0" time="100"/>
			</animation>
		</control>

		<!-- TV Guide -->
		<control type="button" id="3000">
			<posx>108</posx>
			<posy>457</posy>
			<width>522</width>
			<height>37</height>
			<onright>3001</onright>
			<onleft>3002</onleft>
			<onup>3004</onup>
			<ondown>3003</ondown>
			<texturefocus>OTTV-Button_Focus_Wide.png</texturefocus>
			<texturenofocus>ontapp-program-grey.png</texturenofocus>
			<label>TV Guide</label>
			<animation effect="zoom" start="106" end="100" time="150" tween="sine" easing="in" center="auto" >Focus</animation>
			<animation effect="fade" start="0" end="100" time="2100" tween="sine" easing="in" center="auto">WindowOpen</animation>
			<font>FontSize_22</font>
			<textcolor>FFFFFFFF</textcolor>
			<shadowcolor>ff000000</shadowcolor>	
			<align>center</align>
			<aligny>center</aligny>
			<animation type="WindowOpen">
				<effect type="fade" start="0" end="100" center="auto" time="1100" delay="300"/>
			</animation>
			<animation type="WindowClose">
				<effect type="fade" start="100" end="0" time="100"/>
			</animation>
		</control>

		<!-- Movies -->
		<control type="image">
			<posx>639</posx>
			<posy>318</posy>
			<width>270</width>
			<height>193</height>
			<texture>OTTV-Icon_Overlay.png</texture>
			<animation type="WindowOpen">
				<effect type="fade" start="0" end="100" center="auto" time="1100" delay="300"/>
			</animation>
			<animation type="WindowClose">
				<effect type="fade" start="100" end="0" time="100"/>
			</animation>
		</control>
		<control type="image">
			<posx>649</posx>
			<posy>322</posy>
			<width>250</width>
			<height>135</height>
			<texture>GVAx-Movies.png</texture>
			<!--animation effect="zoom" start="106" end="100" time="150" tween="sine" easing="in" center="auto" condition="Control.HasFocus(3001)">Conditional</animation-->
			<animation type="WindowOpen">
				<effect type="fade" start="0" end="100" center="auto" time="1100" delay="300"/>
			</animation>
			<animation type="WindowClose">
				<effect type="fade" start="100" end="0" time="100"/>
			</animation>
		</control>
		<control type="image">
			<posx>657</posx>
			<posy>322</posy>
			<width>251</width>
			<height>140</height>
			<aspectratio>scale</aspectratio>
			<texture>OTTV-Gloss.png</texture>
			<!--animation effect="zoom" start="106" end="100" time="150" tween="sine" easing="in" center="auto" condition="Control.HasFocus(3001)">Conditional</animation-->
			<animation type="WindowOpen">
				<effect type="fade" start="0" end="100" center="auto" time="1100" delay="300"/>
			</animation>
			<animation type="WindowClose">
				<effect type="fade" start="100" end="0" time="100"/>
			</animation>
		</control>
		<control type="label">
			<posx>649</posx>
			<posy>456</posy>
			<width>253</width>
			<height>35</height>
			<label>Movies</label>
			<font>FontSize_22</font> 
			<shadowcolor>ff000000</shadowcolor>
			<textcolor>ffffffff</textcolor>
			<align>center</align>
			<!--animation effect="zoom" start="106" end="100" time="150" tween="sine" easing="in" center="auto" condition="Control.HasFocus(3001)">Conditional</animation-->
			<animation type="WindowOpen">
				<effect type="fade" start="0" end="100" center="auto" time="1100" delay="300"/>
			</animation>
			<animation type="WindowClose">
				<effect type="fade" start="100" end="0" time="100"/>
			</animation>
		</control>
		<control type="button" id="3001">
			<posx>649</posx>
			<posy>322</posy>
			<width>250</width>
			<height>174</height>
			<onright>3002</onright>
			<onleft>3000</onleft>
			<onup>2001</onup>
			<ondown>3006</ondown>
			<texturefocus>OTTV-Button_Focus.png</texturefocus>
			<font>FontSize_22</font>
			<textcolor>FFFFFFFF</textcolor>
			<shadowcolor>ff000000</shadowcolor>	
			<align>center</align>
			<aligny>center</aligny>
			<animation type="WindowOpen">
				<effect type="fade" start="0" end="100" center="auto" time="1100" delay="300"/>
			</animation>
			<animation type="WindowClose">
				<effect type="fade" start="100" end="0" time="100"/>
			</animation>
		</control>

		<!-- TV Shows -->
		<control type="image">
			<posx>910</posx>
			<posy>318</posy>
			<width>270</width>
			<height>193</height>
			<texture>OTTV-Icon_Overlay.png</texture>
			<animation type="WindowOpen">
				<effect type="fade" start="0" end="100" center="auto" time="1100" delay="300"/>
			</animation>
			<animation type="WindowClose">
				<effect type="fade" start="100" end="0" time="100"/>
			</animation>
		</control>
		<control type="image">
			<posx>920</posx>
			<posy>322</posy>
			<width>250</width>
			<height>135</height>
			<texture>GVAx-TV_Shows.png</texture>
			<animation effect="zoom" start="106" end="100" time="150" tween="sine" easing="in" center="auto" >Control.HasFocus(3002)</animation>
			<animation type="WindowOpen">
				<effect type="fade" start="0" end="100" center="auto" time="1100" delay="300"/>
			</animation>
			<animation type="WindowClose">
				<effect type="fade" start="100" end="0" time="100"/>
			</animation>
		</control>
		<control type="image">
			<posx>928</posx>
			<posy>322</posy>
			<width>251</width>
			<height>140</height>
			<aspectratio>scale</aspectratio>
			<texture>OTTV-Gloss.png</texture>
			<animation effect="zoom" start="106" end="100" time="150" tween="sine" easing="in" center="auto" >Control.HasFocus(3002)</animation>
			<animation type="WindowOpen">
				<effect type="fade" start="0" end="100" center="auto" time="1100" delay="300"/>
			</animation>
			<animation type="WindowClose">
				<effect type="fade" start="100" end="0" time="100"/>
			</animation>
		</control>
		<control type="label">
			<posx>920</posx>
			<posy>456</posy>
			<width>253</width>
			<height>35</height>
			<label>TV Shows</label>
			<font>FontSize_22</font> 
			<shadowcolor>ff000000</shadowcolor>
			<textcolor>ffffffff</textcolor>
			<align>center</align>
			<animation effect="zoom" start="106" end="100" time="150" tween="sine" easing="in" center="auto" >Control.HasFocus(3002)</animation>
			<animation type="WindowOpen">
				<effect type="fade" start="0" end="100" center="auto" time="1100" delay="300"/>
			</animation>
			<animation type="WindowClose">
				<effect type="fade" start="100" end="0" time="100"/>
			</animation>
		</control>
		<control type="button" id="3002">
			<posx>920</posx>
			<posy>322</posy>
			<width>250</width>
			<height>174</height>
			<onright>3000</onright>
			<onleft>3001</onleft>
			<ondown>3007</ondown>
			<onup>2003</onup>
			<texturefocus>OTTV-Button_Focus.png</texturefocus>
			<font>FontSize_22</font>
			<textcolor>FFFFFFFF</textcolor>
			<shadowcolor>ff000000</shadowcolor>	
			<align>center</align>
			<aligny>center</aligny>
			<animation type="WindowOpen">
				<effect type="fade" start="0" end="100" center="auto" time="1100" delay="300"/>
			</animation>
			<animation type="WindowClose">
				<effect type="fade" start="100" end="0" time="100"/>
			</animation>
		</control>

		<!-- Adult -->
		<control type="image">
			<posx>910</posx>
			<posy>513</posy>
			<width>270</width>
			<height>193</height>
			<texture>OTTV-Icon_Overlay.png</texture>
			<animation type="WindowOpen">
				<effect type="fade" start="0" end="100" center="auto" time="1100" delay="300"/>
			</animation>
			<animation type="WindowClose">
				<effect type="fade" start="100" end="0" time="100"/>
			</animation>
		</control>
		<control type="image">
			<posx>920</posx>
			<posy>517</posy>
			<width>250</width>
			<height>135</height>
			<texture>GVAx-Adult.png</texture>
			<animation effect="zoom" start="106" end="100" time="150" tween="sine" easing="in" center="auto" >Control.HasFocus(3007)</animation>
			<animation type="WindowOpen">
				<effect type="fade" start="0" end="100" center="auto" time="1100" delay="300"/>
			</animation>
			<animation type="WindowClose">
				<effect type="fade" start="100" end="0" time="100"/>
			</animation>
		</control>
		<control type="image">
			<posx>928</posx>
			<posy>517</posy>
			<width>251</width>
			<height>140</height>
			<aspectratio>scale</aspectratio>
			<texture>OTTV-Gloss.png</texture>
			<animation effect="zoom" start="106" end="100" time="150" tween="sine" easing="in" center="auto" >Control.HasFocus(3007)</animation>
			<animation type="WindowOpen">
				<effect type="fade" start="0" end="100" center="auto" time="1100" delay="300"/>
			</animation>
			<animation type="WindowClose">
				<effect type="fade" start="100" end="0" time="100"/>
			</animation>
		</control>
		<control type="label">
			<posx>920</posx>
			<posy>651</posy>
			<width>253</width>
			<height>35</height>
			<label>Adult</label>
			<font>FontSize_22</font> 
			<shadowcolor>ff000000</shadowcolor>
			<textcolor>ffffffff</textcolor>
			<align>center</align>
			<animation effect="zoom" start="106" end="100" time="150" tween="sine" easing="in" center="auto" >Control.HasFocus(3007)</animation>
			<animation type="WindowOpen">
				<effect type="fade" start="0" end="100" center="auto" time="1100" delay="300"/>
			</animation>
			<animation type="WindowClose">
				<effect type="fade" start="100" end="0" time="100"/>
			</animation>
		</control>
		<control type="button" id="3007">
			<posx>920</posx>
			<posy>517</posy>
			<width>250</width>
			<height>174</height>
			<onright>3003</onright>
			<onleft>3006</onleft>
			<onup>3002</onup>
			<ondown>2003</ondown>
			<texturefocus>OTTV-Button_Focus.png</texturefocus>
			<font>FontSize_22</font>
			<textcolor>FFFFFFFF</textcolor>
			<shadowcolor>ff000000</shadowcolor>	
			<align>center</align>
			<aligny>center</aligny>
			<animation type="WindowOpen">
				<effect type="fade" start="0" end="100" center="auto" time="1100" delay="300"/>
			</animation>
			<animation type="WindowClose">
				<effect type="fade" start="100" end="0" time="100"/>
			</animation>
		</control>

		<!-- Android Apps -->
		<control type="image">
			<posx>639</posx>
			<posy>513</posy>
			<width>270</width>
			<height>193</height>
			<texture>OTTV-Icon_Overlay.png</texture>
			<animation type="WindowOpen">
				<effect type="fade" start="0" end="100" center="auto" time="1100" delay="300"/>
			</animation>
			<animation type="WindowClose">
				<effect type="fade" start="100" end="0" time="100"/>
			</animation>
		</control>
		<control type="image">
			<posx>649</posx>
			<posy>517</posy>
			<width>250</width>
			<height>135</height>
			<texture>GVAx-Android_Apps.png</texture>
			<animation effect="zoom" start="106" end="100" time="150" tween="sine" easing="in" center="auto" >Control.HasFocus(3006)</animation>
			<animation type="WindowOpen">
				<effect type="fade" start="0" end="100" center="auto" time="1100" delay="300"/>
			</animation>
			<animation type="WindowClose">
				<effect type="fade" start="100" end="0" time="100"/>
			</animation>
		</control>
		<control type="image">
			<posx>657</posx>
			<posy>517</posy>
			<width>251</width>
			<height>140</height>
			<aspectratio>scale</aspectratio>
			<texture>OTTV-Gloss.png</texture>
			<animation effect="zoom" start="106" end="100" time="150" tween="sine" easing="in" center="auto" >Control.HasFocus(3006)</animation>
			<animation type="WindowOpen">
				<effect type="fade" start="0" end="100" center="auto" time="1100" delay="300"/>
			</animation>
			<animation type="WindowClose">
				<effect type="fade" start="100" end="0" time="100"/>
			</animation>
		</control>
		<control type="label">
			<posx>649</posx>
			<posy>651</posy>
			<width>253</width>
			<height>35</height>
			<label>Android Apps</label>
			<font>FontSize_22</font> 
			<shadowcolor>ff000000</shadowcolor>
			<textcolor>ffffffff</textcolor>
			<align>center</align>
			<animation effect="zoom" start="106" end="100" time="150" tween="sine" easing="in" center="auto" >Control.HasFocus(3006)</animation>
			<animation type="WindowOpen">
				<effect type="fade" start="0" end="100" center="auto" time="1100" delay="300"/>
			</animation>
			<animation type="WindowClose">
				<effect type="fade" start="100" end="0" time="100"/>
			</animation>
		</control>
		<control type="button" id="3006">
			<posx>649</posx>
			<posy>517</posy>
			<width>250</width>
			<height>174</height>
			<onright>3007</onright>
			<onleft>3005</onleft>
			<onup>3001</onup>
			<ondown>2001</ondown>
			<texturefocus>OTTV-Button_Focus.png</texturefocus>
			<font>FontSize_22</font>
			<textcolor>FFFFFFFF</textcolor>
			<shadowcolor>ff000000</shadowcolor>	
			<align>center</align>
			<aligny>center</aligny>
			<animation type="WindowOpen">
				<effect type="fade" start="0" end="100" center="auto" time="1100" delay="300"/>
			</animation>
			<animation type="WindowClose">
				<effect type="fade" start="100" end="0" time="100"/>
			</animation>
		</control>

		<!-- World Streaming -->
		<control type="image">
			<posx>368</posx>
			<posy>513</posy>
			<width>270</width>
			<height>193</height>
			<texture>OTTV-Icon_Overlay.png</texture>
			<animation type="WindowOpen">
				<effect type="fade" start="0" end="100" center="auto" time="1100" delay="300"/>
			</animation>
			<animation type="WindowClose">
				<effect type="fade" start="100" end="0" time="100"/>
			</animation>
		</control>
		<control type="image">
			<posx>379</posx>
			<posy>517</posy>
			<width>250</width>
			<height>135</height>
			<texture>GVAx-World_Streaming.png</texture>
			<animation effect="zoom" start="106" end="100" time="150" tween="sine" easing="in" center="auto" >Control.HasFocus(3005)</animation>
			<animation type="WindowOpen">
				<effect type="fade" start="0" end="100" center="auto" time="1100" delay="300"/>
			</animation>
			<animation type="WindowClose">
				<effect type="fade" start="100" end="0" time="100"/>
			</animation>
		</control>
		<control type="image">
			<posx>387</posx>
			<posy>517</posy>
			<width>251</width>
			<height>140</height>
			<aspectratio>scale</aspectratio>
			<texture>OTTV-Gloss.png</texture>
			<animation effect="zoom" start="106" end="100" time="150" tween="sine" easing="in" center="auto" >Control.HasFocus(3005)</animation>
			<animation type="WindowOpen">
				<effect type="fade" start="0" end="100" center="auto" time="1100" delay="300"/>
			</animation>
			<animation type="WindowClose">
				<effect type="fade" start="100" end="0" time="100"/>
			</animation>
		</control>
		<control type="label">
			<posx>379</posx>
			<posy>651</posy>
			<width>253</width>
			<height>35</height>
			<label>World Streaming</label>
			<font>FontSize_22</font> 
			<shadowcolor>ff000000</shadowcolor>
			<textcolor>ffffffff</textcolor>
			<align>center</align>
			<animation effect="zoom" start="106" end="100" time="150" tween="sine" easing="in" center="auto" >Control.HasFocus(3005)</animation>
			<animation type="WindowOpen">
				<effect type="fade" start="0" end="100" center="auto" time="1100" delay="300"/>
			</animation>
			<animation type="WindowClose">
				<effect type="fade" start="100" end="0" time="100"/>
			</animation>
		</control>
		<control type="button" id="3005">
			<posx>379</posx>
			<posy>517</posy>
			<width>250</width>
			<height>174</height>
			<onright>3006</onright>
			<onleft>3003</onleft>
			<onup>3000</onup>
			<ondown>3004</ondown>
			<texturefocus>OTTV-Button_Focus.png</texturefocus>
			<font>FontSize_22</font>
			<textcolor>FFFFFFFF</textcolor>
			<shadowcolor>ff000000</shadowcolor>	
			<align>center</align>
			<aligny>center</aligny>
			<animation type="WindowOpen">
				<effect type="fade" start="0" end="100" center="auto" time="1100" delay="300"/>
			</animation>
			<animation type="WindowClose">
				<effect type="fade" start="100" end="0" time="100"/>
			</animation>
		</control>

		<!-- Netflix -->
		<control type="image">
			<posx>97</posx>
			<posy>513</posy>
			<width>270</width>
			<height>193</height>
			<texture>OTTV-Icon_Overlay.png</texture>
			<animation type="WindowOpen">
				<effect type="fade" start="0" end="100" center="auto" time="1100" delay="300"/>
			</animation>
			<animation type="WindowClose">
				<effect type="fade" start="100" end="0" time="100"/>
			</animation>
		</control>
		<control type="image">
			<posx>108</posx>
			<posy>517</posy>
			<width>250</width>
			<height>135</height>
			<texture>GVAx-Netflix.png</texture>
			<animation effect="zoom" start="106" end="100" time="150" tween="sine" easing="in" center="auto" >Control.HasFocus(3003)</animation>
			<animation type="WindowOpen">
				<effect type="fade" start="0" end="100" center="auto" time="1100" delay="300"/>
			</animation>
			<animation type="WindowClose">
				<effect type="fade" start="100" end="0" time="100"/>
			</animation>
		</control>
		<control type="image">
			<posx>116</posx>
			<posy>517</posy>
			<width>251</width>
			<height>140</height>
			<aspectratio>scale</aspectratio>
			<texture>OTTV-Gloss.png</texture>
			<animation effect="zoom" start="106" end="100" time="150" tween="sine" easing="in" center="auto" >Control.HasFocus(3003)</animation>
			<animation type="WindowOpen">
				<effect type="fade" start="0" end="100" center="auto" time="1100" delay="300"/>
			</animation>
			<animation type="WindowClose">
				<effect type="fade" start="100" end="0" time="100"/>
			</animation>
		</control>
		<control type="label">
			<posx>108</posx>
			<posy>651</posy>
			<width>253</width>
			<height>35</height>
			<label>Netflix</label>
			<font>FontSize_22</font> 
			<shadowcolor>ff000000</shadowcolor>
			<textcolor>ffffffff</textcolor>
			<align>center</align>
			<animation effect="zoom" start="106" end="100" time="150" tween="sine" easing="in" center="auto" >Control.HasFocus(3003)</animation>
			<animation type="WindowOpen">
				<effect type="fade" start="0" end="100" center="auto" time="1100" delay="300"/>
			</animation>
			<animation type="WindowClose">
				<effect type="fade" start="100" end="0" time="100"/>
			</animation>
		</control>
		<control type="button" id="3003">
			<posx>108</posx>
			<posy>517</posy>
			<width>250</width>
			<height>174</height>
			<onright>3005</onright>
			<onleft>3007</onleft>
			<onup>3000</onup>
			<ondown>3004</ondown>
			<texturefocus>OTTV-Button_Focus.png</texturefocus>
			<font>FontSize_22</font>
			<textcolor>FFFFFFFF</textcolor>
			<shadowcolor>ff000000</shadowcolor>	
			<align>center</align>
			<aligny>center</aligny>
			<animation type="WindowOpen">
				<effect type="fade" start="0" end="100" center="auto" time="1100" delay="300"/>
			</animation>
			<animation type="WindowClose">
				<effect type="fade" start="100" end="0" time="100"/>
			</animation>
		</control>

	<!-- Scrollbar -->			
		<control type="scrollbar" id="159">
			<posx>1175</posx>
			<posy>320</posy>
			<width>25</width>
			<height>350</height>
			<texturesliderbackground border="0,14,0,14">OTTV-ScrollBarV.png</texturesliderbackground>
			<texturesliderbar border="0,14,0,14">OTTV-ScrollBarV_bar.png</texturesliderbar>
			<texturesliderbarfocus border="0,14,0,14">OTTV-ScrollBarV_bar_focus.png</texturesliderbarfocus>
			<textureslidernib>OTTV-ScrollBarNib.png</textureslidernib>
			<textureslidernibfocus>OTTV-ScrollBarNib.png</textureslidernibfocus>
			<onleft>59</onleft>
			<onright>3010</onright>
			<showonepage>false</showonepage>
			<orientation>vertical</orientation>
			<visible>Control.IsVisible(59)</visible>
		</control>

	<!-- Thumbnail\Description Group -->
		<control type="group">
			<description>Thumbnail\Description Group</description>
			<posx>670</posx>
			<posy>160</posy>     
			<control type="textbox">
				<description>Description Text</description>
				<posx>0</posx>
				<posy>0</posy>
				<width>490</width>
				<height>146</height>
				<!--aligny>center</aligny-->
				<textcolor>ffffffff</textcolor>
				<shadowcolor>ff000000</shadowcolor>	
				<font>FontSize_20</font>
				<wrapmultiline>true</wrapmultiline>
				<autoscroll time="1200" delay="5000" repeat="5000">true</autoscroll>    
				<!--label>$INFO[ListItem.Property(Description)]</label-->
				<label>$INFO[Window(10000).Property(GVAX_DESC)]</label>
				<animation type="WindowOpen">
					<effect type="fade" start="0" end="100" time="200" tween="sine" easing="out" delay="600"/>
				</animation>
				<animation type="WindowClose">
					<effect type="fade" start="100" end="0" time="100" />
				</animation>
			</control>
		</control>
    </controls>
</window>
