<favourites>
	<favourite name="Sky Sports 4 | HQS" thumb="http://xunitytalk.com/stvb/4065.png">PlayMedia(&quot;plugin://plugin.video.ultimatemania/?url=4065&amp;mode=2&amp;name=Sky+Sports+4+HQS&amp;iconimage=http%3A%2F%2Fxunitytalk.com%2Fstvb%2F4065.png&amp;play=False&amp;date=&amp;description=&amp;page=&amp;sf_options=winID%3D10001%26_options_sf&quot;)</favourite>
	<favourite name="Sky Sports 4 | HDS" thumb="http://xunitytalk.com/stvb/3462.png">PlayMedia(&quot;plugin://plugin.video.ultimatemania/?url=3462&amp;mode=2&amp;name=Sky+Sports+4+HDS+&amp;iconimage=http%3A%2F%2Fxunitytalk.com%2Fstvb%2F3462.png&amp;play=False&amp;date=&amp;description=&amp;page=&amp;sf_options=winID%3D10001%26_options_sf&quot;)</favourite>
	<favourite name="Sky Sports 4 | HD" thumb="http://xunitytalk.com/stvb/1009.png">PlayMedia(&quot;plugin://plugin.video.ultimatemania/?url=1009&amp;mode=2&amp;name=Sky+Sports+4+HD&amp;iconimage=http%3A%2F%2Fxunitytalk.com%2Fstvb%2F1009.png&amp;play=False&amp;date=&amp;description=&amp;page=&amp;sf_options=winID%3D10001%26_options_sf&quot;)</favourite>
	<favourite name="Sky Sports 4 | HD Backup" thumb="http://xunitytalk.com/stvb/906.png">PlayMedia(&quot;plugin://plugin.video.ultimatemania/?url=906&amp;mode=2&amp;name=Sky+Sports+4+HD+Backup+&amp;iconimage=http%3A%2F%2Fxunitytalk.com%2Fstvb%2F906.png&amp;play=False&amp;date=&amp;description=&amp;page=&amp;sf_options=winID%3D10001%26_options_sf&quot;)</favourite>
	<favourite name="Sky Sports 4 | SD" thumb="http://xunitytalk.com/stvb/1035.png">PlayMedia(&quot;plugin://plugin.video.ultimatemania/?url=1035&amp;mode=2&amp;name=Sky+Sports+4+SD&amp;iconimage=http%3A%2F%2Fxunitytalk.com%2Fstvb%2F1035.png&amp;play=False&amp;date=&amp;description=&amp;page=&amp;sf_options=winID%3D10001%26_options_sf&quot;)</favourite>
</favourites>