<keymap>
    <FullscreenVideo>
      <keyboard>
  		<g>XBMC.RunScript(special://home/addons/script.tvguidedixie/change.py, G)</g>
		
        <pageup>XBMC.RunScript(special://home/addons/script.tvguidedixie/change.py, PgUp)</pageup>
        <pagedown>XBMC.RunScript(special://home/addons/script.tvguidedixie/change.py, PgDown)</pagedown>    
		<up>XBMC.RunScript(special://home/addons/script.tvguidedixie/change.py, Up)</up>
        <down>XBMC.RunScript(special://home/addons/script.tvguidedixie/change.py, Down)</down>      
        <left>XBMC.RunScript(special://home/addons/script.tvguidedixie/change.py, Left)</left>
        <right>XBMC.RunScript(special://home/addons/script.tvguidedixie/change.py, Right)</right>  

        <zero>XBMC.RunScript(special://home/addons/script.tvguidedixie/change.py, 0)</zero>
        <one>XBMC.RunScript(special://home/addons/script.tvguidedixie/change.py, 1)</one>
        <two>XBMC.RunScript(special://home/addons/script.tvguidedixie/change.py, 2)</two>
        <three>XBMC.RunScript(special://home/addons/script.tvguidedixie/change.py, 3)</three>
        <four>XBMC.RunScript(special://home/addons/script.tvguidedixie/change.py, 4)</four>
        <five>XBMC.RunScript(special://home/addons/script.tvguidedixie/change.py, 5)</five>
        <six>XBMC.RunScript(special://home/addons/script.tvguidedixie/change.py, 6)</six>
        <seven>XBMC.RunScript(special://home/addons/script.tvguidedixie/change.py, 7)</seven>
        <eight>XBMC.RunScript(special://home/addons/script.tvguidedixie/change.py, 8)</eight>
        <nine>XBMC.RunScript(special://home/addons/script.tvguidedixie/change.py, 9)</nine>
      </keyboard>
	  
	  <remote>
		  <pageplus>XBMC.RunScript(special://home/addons/script.tvguidedixie/change.py, PgUp)</pageplus>
		  <pageminus>XBMC.RunScript(special://home/addons/script.tvguidedixie/change.py, PgDown)</pageminus>
		  <up>XBMC.RunScript(special://home/addons/script.tvguidedixie/change.py, Up)</up>
		  <down>XBMC.RunScript(special://home/addons/script.tvguidedixie/change.py, Down)</down>      
		  <left>XBMC.RunScript(special://home/addons/script.tvguidedixie/change.py, Left)</left>
		  <right>XBMC.RunScript(special://home/addons/script.tvguidedixie/change.py, Right)</right>  
		  <zero>XBMC.RunScript(special://home/addons/script.tvguidedixie/change.py, 0)</zero>
		  
		  <one>XBMC.RunScript(special://home/addons/script.tvguidedixie/change.py, 1)</one>
		  <two>XBMC.RunScript(special://home/addons/script.tvguidedixie/change.py, 2)</two>
		  <three>XBMC.RunScript(special://home/addons/script.tvguidedixie/change.py, 3)</three>
		  <four>XBMC.RunScript(special://home/addons/script.tvguidedixie/change.py, 4)</four>
		  <five>XBMC.RunScript(special://home/addons/script.tvguidedixie/change.py, 5)</five>
		  <six>XBMC.RunScript(special://home/addons/script.tvguidedixie/change.py, 6)</six>
		  <seven>XBMC.RunScript(special://home/addons/script.tvguidedixie/change.py, 7)</seven>
		  <eight>XBMC.RunScript(special://home/addons/script.tvguidedixie/change.py, 8)</eight>
		  <nine>XBMC.RunScript(special://home/addons/script.tvguidedixie/change.py, 9)</nine>
	  </remote>
    </FullscreenVideo>
	
    <FullscreenLiveTV>
        <keyboard>
    	  <g>XBMC.RunScript(special://home/addons/script.tvguidedixie/change.py, G)</g>
		  
          <pageup>XBMC.RunScript(special://home/addons/script.tvguidedixie/change.py, PgUp)</pageup>
          <pagedown>XBMC.RunScript(special://home/addons/script.tvguidedixie/change.py, PgDown)</pagedown>    
  		  <up>XBMC.RunScript(special://home/addons/script.tvguidedixie/change.py, Up)</up>
          <down>XBMC.RunScript(special://home/addons/script.tvguidedixie/change.py, Down)</down>      
          <left>XBMC.RunScript(special://home/addons/script.tvguidedixie/change.py, Left)</left>
          <right>XBMC.RunScript(special://home/addons/script.tvguidedixie/change.py, Right)</right>  

          <zero>XBMC.RunScript(special://home/addons/script.tvguidedixie/change.py, 0)</zero>
          <one>XBMC.RunScript(special://home/addons/script.tvguidedixie/change.py, 1)</one>
          <two>XBMC.RunScript(special://home/addons/script.tvguidedixie/change.py, 2)</two>
          <three>XBMC.RunScript(special://home/addons/script.tvguidedixie/change.py, 3)</three>
          <four>XBMC.RunScript(special://home/addons/script.tvguidedixie/change.py, 4)</four>
          <five>XBMC.RunScript(special://home/addons/script.tvguidedixie/change.py, 5)</five>
          <six>XBMC.RunScript(special://home/addons/script.tvguidedixie/change.py, 6)</six>
          <seven>XBMC.RunScript(special://home/addons/script.tvguidedixie/change.py, 7)</seven>
          <eight>XBMC.RunScript(special://home/addons/script.tvguidedixie/change.py, 8)</eight>
          <nine>XBMC.RunScript(special://home/addons/script.tvguidedixie/change.py, 9)</nine>
        </keyboard>
	  
  	  <remote>
  		  <pageplus>XBMC.RunScript(special://home/addons/script.tvguidedixie/change.py, PgUp)</pageplus>
  		  <pageminus>XBMC.RunScript(special://home/addons/script.tvguidedixie/change.py, PgDown)</pageminus>
  		  <up>XBMC.RunScript(special://home/addons/script.tvguidedixie/change.py, Up)</up>
  		  <down>XBMC.RunScript(special://home/addons/script.tvguidedixie/change.py, Down)</down>      
  		  <left>XBMC.RunScript(special://home/addons/script.tvguidedixie/change.py, Left)</left>
  		  <right>XBMC.RunScript(special://home/addons/script.tvguidedixie/change.py, Right)</right>  
  		  <zero>XBMC.RunScript(special://home/addons/script.tvguidedixie/change.py, 0)</zero>
		  
  		  <one>XBMC.RunScript(special://home/addons/script.tvguidedixie/change.py, 1)</one>
  		  <two>XBMC.RunScript(special://home/addons/script.tvguidedixie/change.py, 2)</two>
  		  <three>XBMC.RunScript(special://home/addons/script.tvguidedixie/change.py, 3)</three>
  		  <four>XBMC.RunScript(special://home/addons/script.tvguidedixie/change.py, 4)</four>
  		  <five>XBMC.RunScript(special://home/addons/script.tvguidedixie/change.py, 5)</five>
  		  <six>XBMC.RunScript(special://home/addons/script.tvguidedixie/change.py, 6)</six>
  		  <seven>XBMC.RunScript(special://home/addons/script.tvguidedixie/change.py, 7)</seven>
  		  <eight>XBMC.RunScript(special://home/addons/script.tvguidedixie/change.py, 8)</eight>
  		  <nine>XBMC.RunScript(special://home/addons/script.tvguidedixie/change.py, 9)</nine>
  	  </remote>
    </FullscreenLiveTV>
	
    <pvr>
        <keyboard>
		  <g>XBMC.RunScript(special://home/addons/script.tvguidedixie/change.py, G)</g>

          <pageup>XBMC.RunScript(special://home/addons/script.tvguidedixie/change.py, PgUp)</pageup>
          <pagedown>XBMC.RunScript(special://home/addons/script.tvguidedixie/change.py, PgDown)</pagedown>    
  		  <channelup>XBMC.RunScript(special://home/addons/script.tvguidedixie/change.py, Up)</channelup>
          <channeldown>XBMC.RunScript(special://home/addons/script.tvguidedixie/change.py, Down)</channeldown>      
          <left>XBMC.RunScript(special://home/addons/script.tvguidedixie/change.py, Left)</left>
          <right>XBMC.RunScript(special://home/addons/script.tvguidedixie/change.py, Right)</right>  

          <zero>XBMC.RunScript(special://home/addons/script.tvguidedixie/change.py, 0)</zero>
          <one>XBMC.RunScript(special://home/addons/script.tvguidedixie/change.py, 1)</one>
          <two>XBMC.RunScript(special://home/addons/script.tvguidedixie/change.py, 2)</two>
          <three>XBMC.RunScript(special://home/addons/script.tvguidedixie/change.py, 3)</three>
          <four>XBMC.RunScript(special://home/addons/script.tvguidedixie/change.py, 4)</four>
          <five>XBMC.RunScript(special://home/addons/script.tvguidedixie/change.py, 5)</five>
          <six>XBMC.RunScript(special://home/addons/script.tvguidedixie/change.py, 6)</six>
          <seven>XBMC.RunScript(special://home/addons/script.tvguidedixie/change.py, 7)</seven>
          <eight>XBMC.RunScript(special://home/addons/script.tvguidedixie/change.py, 8)</eight>
          <nine>XBMC.RunScript(special://home/addons/script.tvguidedixie/change.py, 9)</nine>
        </keyboard>
	  
  	  <remote>
  		  <pageplus>XBMC.RunScript(special://home/addons/script.tvguidedixie/change.py, PgUp)</pageplus>
  		  <pageminus>XBMC.RunScript(special://home/addons/script.tvguidedixie/change.py, PgDown)</pageminus>
  		  <channelup>XBMC.RunScript(special://home/addons/script.tvguidedixie/change.py, Up)</channelup>
  		  <channeldown>XBMC.RunScript(special://home/addons/script.tvguidedixie/change.py, Down)</channeldown>      
  		  <left>XBMC.RunScript(special://home/addons/script.tvguidedixie/change.py, Left)</left>
  		  <right>XBMC.RunScript(special://home/addons/script.tvguidedixie/change.py, Right)</right>  
  		  <zero>XBMC.RunScript(special://home/addons/script.tvguidedixie/change.py, 0)</zero>
		  
  		  <one>XBMC.RunScript(special://home/addons/script.tvguidedixie/change.py, 1)</one>
  		  <two>XBMC.RunScript(special://home/addons/script.tvguidedixie/change.py, 2)</two>
  		  <three>XBMC.RunScript(special://home/addons/script.tvguidedixie/change.py, 3)</three>
  		  <four>XBMC.RunScript(special://home/addons/script.tvguidedixie/change.py, 4)</four>
  		  <five>XBMC.RunScript(special://home/addons/script.tvguidedixie/change.py, 5)</five>
  		  <six>XBMC.RunScript(special://home/addons/script.tvguidedixie/change.py, 6)</six>
  		  <seven>XBMC.RunScript(special://home/addons/script.tvguidedixie/change.py, 7)</seven>
  		  <eight>XBMC.RunScript(special://home/addons/script.tvguidedixie/change.py, 8)</eight>
  		  <nine>XBMC.RunScript(special://home/addons/script.tvguidedixie/change.py, 9)</nine>
  	  </remote>
    </pvr>
</keymap>
