<?xml version="1.0" encoding="UTF-8" standalone="yes"?>
<addon id="plugin.video.ottplanner" name="On-Tapp.TV Planner" version="4.0.0~beta1" provider-name="On-Tapp-Networks">

  <requires>
    <import addon="xbmc.python" version="2.14.0"/>
  </requires>

  <extension point="xbmc.python.pluginsource" library="default.py">
        <provides>video</provides>
  </extension>

  <extension point="xbmc.service" library="service.py" start="login" />

  <extension point="xbmc.addon.metadata">
    <summary></summary>
    <description lang="en"></description>
     <platform>all</platform>
  </extension>

</addon>
