﻿<?xml version="1.0" encoding="UTF-8" standalone="yes"?>
<addon id="script.tvguidedixie" name="On-Tapp.EPG" version="4.0.5" provider-name="On-Tapp-Networks">
    <requires>
        <import addon="xbmc.python" version="2.14.0"/>
        <import addon="script.module.requests" version="2.3.0"/>
    </requires>
    <extension point="xbmc.python.module" library="addon.py"></extension>
    <extension point="xbmc.service" library="service.py" start="login" />
    <extension point="xbmc.addon.metadata">
        <summary lang="en">A powerful EPG add-on with many extra features. Streaming support via multiple live TV addons.</summary>
        <description lang="en">A comprehensive EPG that is compatible with many popular live TV addons. [CR]Up to 14 days of listings with automatic triggering of your favourite live TV addons.[CR]As well as the EPG, On-Tapp.TV puts all your favourite media in one place.</description>
        <description lang="es">TV Guide ofrece una visión general de lo que hay en la televisión ahora mismo, así no tienes que cambiar el canal en XBMC![CR]Los datos EPG pueden ser obtenidos de YouSee.tv, DR.dk, TvTid.dk, archivo XMLTV o de una fuente remota de JSON.[CR][CR]Navegue usando las teclas de flecha y cambie de página mediante canal + / -.[CR][CR]Si usted tiene comentarios o sugerencias para este complemente, no dude en participar en el debate de mi blog en http://tommy.winther.nu</description>
        <platform>all</platform>
        <language></language>
        <license>GPLv2</license>
    </extension>

	<extension point="kodi.context.item" library="osd.py">        
      <item>
        <label>On-Tapp.TV Mini-Guide</label>
        <visible>true</visible>
      </item>
	</extension>
</addon>
