<favourites>
	<favourite name="MLB Game Pass" thumb="special://home/addons/plugin.video.ultimatemania/resources/mlb.png">ActivateWindow(10025,&quot;plugin://plugin.video.ultimatemania/?date&amp;description&amp;iconimage=special%3a%2f%2fhome%2faddons%2fplugin.video.ultimatemania%2fresources%2fmlb.png&amp;mode=2003&amp;name=%5bCOLOR%20navajowhite%5d.MLB%20Game%20Pass%5b%2fCOLOR%5d&amp;page&amp;play&amp;url=http%3a%2f%2fultimatemania.rocks%2fapisprotected%2fmlb.php&amp;sf_options=meta%3Dlabel%253D%25255BCOLOR%252Bnavajowhite%25255D.MLB%252BGame%252BPass%25255B%25252FCOLOR%25255D%2526title%253D%25255BCOLOR%252Bnavajowhite%25255D.MLB%252BGame%252BPass%25255B%25252FCOLOR%25255D%26_options_sf&quot;,return)</favourite>
	<favourite name="MLB Zone" thumb="special://home/addons/plugin.video.ultimatemania/resources/57.png">ActivateWindow(10025,&quot;plugin://plugin.video.ultimatemania/?date&amp;description&amp;iconimage=special%3a%2f%2fhome%2faddons%2fplugin.video.ultimatemania%2fresources%2f57.png&amp;mode=4&amp;name=MLB&amp;page&amp;play&amp;url=57&amp;sf_options=meta%3Dlabel%253DMLB%2526title%253DMLB%26_options_sf&quot;,return)</favourite>
	<favourite name="MLB Game Pass" thumb="special://home/addons/plugin.video.sportsnationhdtv/resources/mlb.png">ActivateWindow(10025,&quot;plugin://plugin.video.sportsnationhdtv/?date&amp;description&amp;iconimage=special%3a%2f%2fhome%2faddons%2fplugin.video.sportsnationhdtv%2fresources%2fmlb.png&amp;mode=2003&amp;name=%5bCOLOR%20mintcream%5d.MLB%20Game%20Pass%5b%2fCOLOR%5d&amp;page&amp;play&amp;url=http%3a%2f%2fsportsnationhd.tv%2fapisprotected%2fmlb.php&amp;sf_options=meta%3Dlabel%253D%25255BCOLOR%252Bmintcream%25255D.MLB%252BGame%252BPass%25255B%25252FCOLOR%25255D%2526title%253D%25255BCOLOR%252Bmintcream%25255D.MLB%252BGame%252BPass%25255B%25252FCOLOR%25255D%26_options_sf&quot;,return)</favourite>
	<favourite name="MLB" thumb="special://home/addons/plugin.video.sportsnationhdtv/resources/57.png">ActivateWindow(10025,&quot;plugin://plugin.video.sportsnationhdtv/?date&amp;description&amp;iconimage=special%3a%2f%2fhome%2faddons%2fplugin.video.sportsnationhdtv%2fresources%2f57.png&amp;mode=4&amp;name=MLB&amp;page&amp;play&amp;url=57&amp;sf_options=meta%3Dlabel%253DMLB%2526title%253DMLB%26_options_sf&quot;,return)</favourite>
	<favourite name="MLB Game Pass" thumb="special://home/addons/plugin.video.sportsmania/resources/mlb.png">ActivateWindow(10025,&quot;plugin://plugin.video.sportsmania/?date&amp;description&amp;iconimage=special%3a%2f%2fhome%2faddons%2fplugin.video.sportsmania%2fresources%2fmlb.png&amp;mode=2003&amp;name=%5bCOLOR%20mintcream%5d.MLB%20Game%20Pass%5b%2fCOLOR%5d&amp;page&amp;play&amp;url=http%3a%2f%2fsportsmania.eu%2fapisprotected%2fmlb.php&amp;sf_options=meta%3Dlabel%253D%25255BCOLOR%252Bmintcream%25255D.MLB%252BGame%252BPass%25255B%25252FCOLOR%25255D%2526title%253D%25255BCOLOR%252Bmintcream%25255D.MLB%252BGame%252BPass%25255B%25252FCOLOR%25255D%26_options_sf&quot;,return)</favourite>
	<favourite name="MLB" thumb="special://home/addons/plugin.video.sportsmania/resources/57.png">ActivateWindow(10025,&quot;plugin://plugin.video.sportsmania/?date&amp;description&amp;iconimage=special%3a%2f%2fhome%2faddons%2fplugin.video.sportsmania%2fresources%2f57.png&amp;mode=4&amp;name=MLB&amp;page&amp;play&amp;url=57&amp;sf_options=meta%3Dlabel%253DMLB%2526title%253DMLB%26_options_sf&quot;,return)</favourite>
</favourites>